model,r2,rmse,mae,model_obj
XGBoost (Log Target),0.9057051214200551,1177.5760170653462,774.2212732503443,"XGBRegressor(base_score=None, booster=None, callbacks=None,
             colsample_bylevel=None, colsample_bynode=None,
             colsample_bytree=0.8, device=None, early_stopping_rounds=None,
             enable_categorical=False, eval_metric=None, feature_types=None,
             feature_weights=None, gamma=None, grow_policy=None,
             importance_type=None, interaction_constraints=None,
             learning_rate=0.03, max_bin=None, max_cat_threshold=None,
             max_cat_to_onehot=None, max_delta_step=None, max_depth=5,
             max_leaves=None, min_child_weight=3, missing=nan,
             monotone_constraints=None, multi_strategy=None, n_estimators=300,
             n_jobs=-1, num_parallel_tree=None, ...)"
XGBoost (Original),0.8591963235108044,1438.9705197849423,1010.0039879575187,"XGBRegressor(base_score=None, booster=None, callbacks=None,
             colsample_bylevel=None, colsample_bynode=None,
             colsample_bytree=0.8, device=None, early_stopping_rounds=None,
             enable_categorical=False, eval_metric=None, feature_types=None,
             feature_weights=None, gamma=None, grow_policy=None,
             importance_type=None, interaction_constraints=None,
             learning_rate=0.03, max_bin=None, max_cat_threshold=None,
             max_cat_to_onehot=None, max_delta_step=None, max_depth=5,
             max_leaves=None, min_child_weight=3, missing=nan,
             monotone_constraints=None, multi_strategy=None, n_estimators=300,
             n_jobs=-1, num_parallel_tree=None, ...)"
"XGBoost (High Reg, Log)",0.807567398361301,1682.2255505858652,1023.4023923850353,"XGBRegressor(base_score=None, booster=None, callbacks=None,
             colsample_bylevel=None, colsample_bynode=None,
             colsample_bytree=0.7, device=None, early_stopping_rounds=None,
             enable_categorical=False, eval_metric=None, feature_types=None,
             feature_weights=None, gamma=None, grow_policy=None,
             importance_type=None, interaction_constraints=None,
             learning_rate=0.02, max_bin=None, max_cat_threshold=None,
             max_cat_to_onehot=None, max_delta_step=None, max_depth=3,
             max_leaves=None, min_child_weight=5, missing=nan,
             monotone_constraints=None, multi_strategy=None, n_estimators=400,
             n_jobs=-1, num_parallel_tree=None, ...)"
