Colony.label,Crop,Province,Location,Site.type,Time.point,Date,Total.bees.in.sample (based on weight),Total.mites (counts by alcohol wash),Percent.mites,Mean.temp.3wks,Total.precip.3wks,Day.Average.Wind.Spd.kmph,Night.Average.Wind.Spd.kmph
COR01u1,Corn,Ontario,Ontario,u,t1,43945,334.725537,0,0,2.940909091,0.931818182,13.90136054,20.14627101
COR01u2,Corn,Ontario,Ontario,u,t1,43945,375.4299754,0,0,2.940909091,0.931818182,13.90136054,20.14627101
COR01u3,Corn,Ontario,Ontario,u,t1,43945,316.4118247,0,0,2.940909091,0.931818182,13.90136054,20.14627101
COR01u4,Corn,Ontario,Ontario,u,t1,43945,484.6153846,0,0,2.940909091,0.931818182,13.90136054,20.14627101
COR02u1,Corn,Ontario,Ontario,u,t1,43945,351.867995,0,0,2.940909091,0.931818182,13.90136054,20.14627101
COR02u2,Corn,Ontario,Ontario,u,t1,43945,391.456077,0,0,2.940909091,0.931818182,13.90136054,20.14627101
COR02u3,Corn,Ontario,Ontario,u,t1,43945,364.9162011,0,0,2.940909091,0.931818182,13.90136054,20.14627101
COR02u4,Corn,Ontario,Ontario,u,t1,43945,339.516129,0,0,2.940909091,0.931818182,13.90136054,20.14627101
COR03u1,Corn,Ontario,Ontario,u,t1,43945,406.1160151,0,0,2.940909091,0.931818182,13.90136054,20.14627101
COR03u2,Corn,Ontario,Ontario,u,t1,43945,347.202381,0,0,2.940909091,0.931818182,13.90136054,20.14627101
COR03u3,Corn,Ontario,Ontario,u,t1,43945,360.5263158,0,0,2.940909091,0.931818182,13.90136054,20.14627101
COR03u4,Corn,Ontario,Ontario,u,t1,43945,363.1355932,0,0,2.940909091,0.931818182,13.90136054,20.14627101
COR01u1,Corn,Ontario,Ontario,u,t2,43964,195.1371571,0,0,6.553636364,1.038636364,12.07759354,14.72958591
COR01u2,Corn,Ontario,Ontario,u,t2,43964,165.1061174,0,0,6.553636364,1.038636364,12.07759354,14.72958591
COR01u3,Corn,Ontario,Ontario,u,t2,43964,141.9932811,1,0.704258675,6.553636364,1.038636364,12.07759354,14.72958591
COR01u4,Corn,Ontario,Ontario,u,t2,43964,152.4915062,0,0,6.553636364,1.038636364,12.07759354,14.72958591
COR02u1,Corn,Ontario,Ontario,u,t2,43964,241.4785553,0,0,6.553636364,1.038636364,12.07759354,14.72958591
COR02u2,Corn,Ontario,Ontario,u,t2,43964,193.6653772,0,0,6.553636364,1.038636364,12.07759354,14.72958591
COR02u3,Corn,Ontario,Ontario,u,t2,43964,198.6111111,0,0,6.553636364,1.038636364,12.07759354,14.72958591
COR02u4,Corn,Ontario,Ontario,u,t2,43964,187.4190065,0,0,6.553636364,1.038636364,12.07759354,14.72958591
COR03u1,Corn,Ontario,Ontario,u,t2,43964,151.7517518,0,0,6.553636364,1.038636364,12.07759354,14.72958591
COR03u2,Corn,Ontario,Ontario,u,t2,43964,244.6936543,0,0,6.553636364,1.038636364,12.07759354,14.72958591
COR03u3,Corn,Ontario,Ontario,u,t2,43964,200.1577287,0,0,6.553636364,1.038636364,12.07759354,14.72958591
COR03u4,Corn,Ontario,Ontario,u,t2,43964,187.1957672,0,0,6.553636364,1.038636364,12.07759354,14.72958591
COR01u1,Corn,Ontario,Ontario,u,t3,44075,163.5875403,1,0.6112935,21.22442748,1.169444444,8.09375,10.959375
COR01u2,Corn,Ontario,Ontario,u,t3,44075,214.6799117,2,0.931619537,21.22442748,1.169444444,8.09375,10.959375
COR01u3,Corn,Ontario,Ontario,u,t3,44075,270.4724409,1,0.369723435,21.22442748,1.169444444,8.09375,10.959375
COR01u4,Corn,Ontario,Ontario,u,t3,44075,276.9093079,2,0.722258134,21.22442748,1.169444444,8.09375,10.959375
COR02u1,Corn,Ontario,Ontario,u,t3,44075,196.8782518,14,7.110993658,21.22442748,1.169444444,8.09375,10.959375
COR02u2,Corn,Ontario,Ontario,u,t3,44075,172.983871,0,0,21.22442748,1.169444444,8.09375,10.959375
COR02u3,Corn,Ontario,Ontario,u,t3,44075,189.1170431,2,1.057546145,21.22442748,1.169444444,8.09375,10.959375
COR02u4,Corn,Ontario,Ontario,u,t3,44075,189.8412698,0,0,21.22442748,1.169444444,8.09375,10.959375
COR03u1,Corn,Ontario,Ontario,u,t3,44075,193.8720174,10,5.158041958,21.22442748,1.169444444,8.09375,10.959375
COR03u2,Corn,Ontario,Ontario,u,t3,44075,162.0724346,9,5.553072626,21.22442748,1.169444444,8.09375,10.959375
COR03u3,Corn,Ontario,Ontario,u,t3,44075,138.0902413,2,1.448328267,21.22442748,1.169444444,8.09375,10.959375
COR03u4,Corn,Ontario,Ontario,u,t3,44075,322.3428571,6,1.861372097,21.22442748,1.169444444,8.09375,10.959375
COR01e1,Corn,Ontario,Ontario,e,t1,43945,384.9273608,0,0,2.940909091,0.931818182,13.90136054,20.14627101
COR01e2,Corn,Ontario,Ontario,e,t1,43945,350.7633588,0,0,2.940909091,0.931818182,13.90136054,20.14627101
COR01e3,Corn,Ontario,Ontario,e,t1,43945,369.8966408,0,0,2.940909091,0.931818182,13.90136054,20.14627101
COR01e4,Corn,Ontario,Ontario,e,t1,43945,348.091133,0,0,2.940909091,0.931818182,13.90136054,20.14627101
COR02e1,Corn,Ontario,Ontario,e,t1,43945,346.0171569,0,0,2.940909091,0.931818182,13.90136054,20.14627101
COR02e2,Corn,Ontario,Ontario,e,t1,43945,425.8323058,0,0,2.940909091,0.931818182,13.90136054,20.14627101
COR02e3,Corn,Ontario,Ontario,e,t1,43945,382.8187919,0,0,2.940909091,0.931818182,13.90136054,20.14627101
COR02e4,Corn,Ontario,Ontario,e,t1,43945,355.9594756,0,0,2.940909091,0.931818182,13.90136054,20.14627101
COR03e1,Corn,Ontario,Ontario,e,t1,43945,404.743083,0,0,2.940909091,0.931818182,13.90136054,20.14627101
COR03e2,Corn,Ontario,Ontario,e,t1,43945,396.8394437,0,0,2.940909091,0.931818182,13.90136054,20.14627101
COR03e3,Corn,Ontario,Ontario,e,t1,43945,350.5338078,0,0,2.940909091,0.931818182,13.90136054,20.14627101
COR03e4,Corn,Ontario,Ontario,e,t1,43945,383.416771,0,0,2.940909091,0.931818182,13.90136054,20.14627101
COR04e1,Corn,Ontario,Ontario,e,t1,43945,402.0245399,0,0,2.940909091,0.931818182,13.90136054,20.14627101
COR04e2,Corn,Ontario,Ontario,e,t1,43945,315.3234358,0,0,2.940909091,0.931818182,13.90136054,20.14627101
COR04e3,Corn,Ontario,Ontario,e,t1,43945,379.7674419,0,0,2.940909091,0.931818182,13.90136054,20.14627101
COR04e4,Corn,Ontario,Ontario,e,t1,43945,308.2236842,0,0,2.940909091,0.931818182,13.90136054,20.14627101
COR04u1,Corn,Ontario,Ontario,u,t1,43945,380.2030457,0,0,2.940909091,0.931818182,13.90136054,20.14627101
COR04u2,Corn,Ontario,Ontario,u,t1,43945,295.1048951,0,0,2.940909091,0.931818182,13.90136054,20.14627101
COR04u3,Corn,Ontario,Ontario,u,t1,43945,330.3804994,0,0,2.940909091,0.931818182,13.90136054,20.14627101
COR04u4,Corn,Ontario,Ontario,u,t1,43945,381.6425121,0,0,2.940909091,0.931818182,13.90136054,20.14627101
COR05e1,Corn,Ontario,Ontario,e,t1,43945,363.597561,0,0,2.940909091,0.931818182,13.90136054,20.14627101
COR05e2,Corn,Ontario,Ontario,e,t1,43945,306.69383,0,0,2.940909091,0.931818182,13.90136054,20.14627101
COR05e3,Corn,Ontario,Ontario,e,t1,43945,353.4547739,0,0,2.940909091,0.931818182,13.90136054,20.14627101
COR05e4,Corn,Ontario,Ontario,e,t1,43945,366.7989418,0,0,2.940909091,0.931818182,13.90136054,20.14627101
COR05u1,Corn,Ontario,Ontario,u,t1,43945,450.241838,0,0,2.940909091,0.931818182,13.90136054,20.14627101
COR05u2,Corn,Ontario,Ontario,u,t1,43945,341.4662085,0,0,2.940909091,0.931818182,13.90136054,20.14627101
COR05u3,Corn,Ontario,Ontario,u,t1,43945,319.0588235,0,0,2.940909091,0.931818182,13.90136054,20.14627101
COR05u4,Corn,Ontario,Ontario,u,t1,43945,352.5872443,0,0,2.940909091,0.931818182,13.90136054,20.14627101
COR01e1,Corn,Ontario,Ontario,e,t2,43964,363.8554217,0,0,5.504545455,1.386363636,12.36515023,17.32372291
COR01e2,Corn,Ontario,Ontario,e,t2,43964,284.1957255,0,0,5.504545455,1.386363636,12.36515023,17.32372291
COR01e3,Corn,Ontario,Ontario,e,t2,43964,305,0,0,5.504545455,1.386363636,12.36515023,17.32372291
COR01e4,Corn,Ontario,Ontario,e,t2,43964,325.1884422,0,0,5.504545455,1.386363636,12.36515023,17.32372291
COR02e1,Corn,Ontario,Ontario,e,t2,43964,294.5235487,0,0,5.504545455,1.386363636,12.36515023,17.32372291
COR02e2,Corn,Ontario,Ontario,e,t2,43964,286.0262009,0,0,5.504545455,1.386363636,12.36515023,17.32372291
COR02e3,Corn,Ontario,Ontario,e,t2,43964,229.1932059,0,0,5.504545455,1.386363636,12.36515023,17.32372291
COR02e4,Corn,Ontario,Ontario,e,t2,43964,305.5806088,1,0.327245896,5.504545455,1.386363636,12.36515023,17.32372291
COR03e1,Corn,Ontario,Ontario,e,t2,43964,335.1039261,1,0.298414886,5.504545455,1.386363636,12.36515023,17.32372291
COR03e2,Corn,Ontario,Ontario,e,t2,43964,325,0,0,5.504545455,1.386363636,12.36515023,17.32372291
COR03e3,Corn,Ontario,Ontario,e,t2,43964,298.1004902,0,0,5.504545455,1.386363636,12.36515023,17.32372291
COR03e4,Corn,Ontario,Ontario,e,t2,43964,309.7222222,0,0,5.504545455,1.386363636,12.36515023,17.32372291
COR04e1,Corn,Ontario,Ontario,e,t2,43977,373.9742087,0,0,10.06818182,1.679545455,10.78826531,17.16789216
COR04e2,Corn,Ontario,Ontario,e,t2,43977,292.1824104,0,0,10.06818182,1.679545455,10.78826531,17.16789216
COR04e3,Corn,Ontario,Ontario,e,t2,43977,317.8947368,0,0,10.06818182,1.679545455,10.78826531,17.16789216
COR04e4,Corn,Ontario,Ontario,e,t2,43977,238.7458007,1,0.418855535,10.06818182,1.679545455,10.78826531,17.16789216
COR04u1,Corn,Ontario,Ontario,u,t2,43977,301.1969532,0,0,9.75,2.277272727,5.269642857,11.32738095
COR04u2,Corn,Ontario,Ontario,u,t2,43977,345.1649602,0,0,9.75,2.277272727,5.269642857,11.32738095
COR04u3,Corn,Ontario,Ontario,u,t2,43977,318.1974742,0,0,9.75,2.277272727,5.269642857,11.32738095
COR04u4,Corn,Ontario,Ontario,u,t2,43977,329.4762485,4,1.214048059,9.75,2.277272727,5.269642857,11.32738095
COR05e1,Corn,Ontario,Ontario,e,t2,43977,252.1464646,0,0,10.06818182,1.679545455,10.78826531,17.16789216
COR05e2,Corn,Ontario,Ontario,e,t2,43977,263.4969325,0,0,10.06818182,1.679545455,10.78826531,17.16789216
COR05e3,Corn,Ontario,Ontario,e,t2,43977,317.9796696,0,0,10.06818182,1.679545455,10.78826531,17.16789216
COR05e4,Corn,Ontario,Ontario,e,t2,43977,271.4039125,0,0,10.06818182,1.679545455,10.78826531,17.16789216
COR05u1,Corn,Ontario,Ontario,u,t2,43977,275.6097561,0,0,9.75,2.277272727,5.269642857,11.32738095
COR05u2,Corn,Ontario,Ontario,u,t2,43977,307.8276699,0,0,9.75,2.277272727,5.269642857,11.32738095
COR05u3,Corn,Ontario,Ontario,u,t2,43977,360.8142494,0,0,9.75,2.277272727,5.269642857,11.32738095
COR05u4,Corn,Ontario,Ontario,u,t2,43977,304.3528064,0,0,9.75,2.277272727,5.269642857,11.32738095
COR01e1,Corn,Ontario,Ontario,e,t3,44076,298.1121899,0,0,19.20909091,1.761904762,7.764880952,14.328125
COR01e2,Corn,Ontario,Ontario,e,t3,44076,357.1646341,2,0.559965856,19.20909091,1.761904762,7.764880952,14.328125
COR01e3,Corn,Ontario,Ontario,e,t3,44076,405.4490414,3,0.739920358,19.20909091,1.761904762,7.764880952,14.328125
COR01e4,Corn,Ontario,Ontario,e,t3,44076,351.8343816,9,2.558021749,19.20909091,1.761904762,7.764880952,14.328125
COR02e1,Corn,Ontario,Ontario,e,t3,44076,424.2099898,3,0.707196924,19.20909091,1.761904762,7.764880952,14.328125
COR02e2,Corn,Ontario,Ontario,e,t3,44076,454.8053528,3,0.659622843,19.20909091,1.761904762,7.764880952,14.328125
COR02e3,Corn,Ontario,Ontario,e,t3,44076,346.3837994,1,0.288697105,19.20909091,1.761904762,7.764880952,14.328125
COR02e4,Corn,Ontario,Ontario,e,t3,44076,455.4323725,0,0,19.20909091,1.761904762,7.764880952,14.328125
COR03e1,Corn,Ontario,Ontario,e,t3,44076,368.1186284,2,0.543303122,19.20909091,1.761904762,7.764880952,14.328125
COR03e2,Corn,Ontario,Ontario,e,t3,44076,271.9339623,1,0.36773634,19.20909091,1.761904762,7.764880952,14.328125
COR03e3,Corn,Ontario,Ontario,e,t3,44076,372.6935313,6,1.609901835,19.20909091,1.761904762,7.764880952,14.328125
COR03e4,Corn,Ontario,Ontario,e,t3,44076,368.2098765,0,0,19.20909091,1.761904762,7.764880952,14.328125
COR04e1,Corn,Ontario,Ontario,e,t3,44076,446.3891675,2,0.448039546,19.20909091,1.761904762,7.764880952,14.328125
COR04e2,Corn,Ontario,Ontario,e,t3,44076,354.2457542,1,0.282289904,19.20909091,1.761904762,7.764880952,14.328125
COR04e3,Corn,Ontario,Ontario,e,t3,44076,336.2745098,1,0.297376093,19.20909091,1.761904762,7.764880952,14.328125
COR04e4,Corn,Ontario,Ontario,e,t3,44076,346.969697,2,0.576419214,19.20909091,1.761904762,7.764880952,14.328125
COR04u1,Corn,Ontario,Ontario,u,t3,44077,390.885947,17,4.349094698,17.45909091,4.525,3.916666667,8.384375
COR04u2,Corn,Ontario,Ontario,u,t3,44077,271.1518858,6,2.212781955,17.45909091,4.525,3.916666667,8.384375
COR04u3,Corn,Ontario,Ontario,u,t3,44077,366.7287978,11,2.999491741,17.45909091,4.525,3.916666667,8.384375
COR04u4,Corn,Ontario,Ontario,u,t3,44077,361.4583333,33,9.129682997,17.45909091,4.525,3.916666667,8.384375
COR05e1,Corn,Ontario,Ontario,e,t3,44076,398.8474204,0,0,19.20909091,1.761904762,7.764880952,14.328125
COR05e2,Corn,Ontario,Ontario,e,t3,44076,351.5136719,0,0,19.20909091,1.761904762,7.764880952,14.328125
COR05e3,Corn,Ontario,Ontario,e,t3,44076,341.6743756,1,0.292676323,19.20909091,1.761904762,7.764880952,14.328125
COR05e4,Corn,Ontario,Ontario,e,t3,44076,341.2663755,0,0,19.20909091,1.761904762,7.764880952,14.328125
COR05u1,Corn,Ontario,Ontario,u,t3,44077,412.3300971,3,0.727572404,17.45909091,4.525,3.916666667,8.384375
COR05u2,Corn,Ontario,Ontario,u,t3,44077,431.3325991,0,0,17.45909091,4.525,3.916666667,8.384375
COR05u3,Corn,Ontario,Ontario,u,t3,44077,421.1122047,1,0.237466402,17.45909091,4.525,3.916666667,8.384375
COR05u4,Corn,Ontario,Ontario,u,t3,44077,389.380531,0,0,17.45909091,4.525,3.916666667,8.384375
CRA01e1,Cranberry,British Columbia,British Columbia,e,t1,43985,311.4145031,0,0,14.08769231,2.139393939,5.352678571,8.375
CRA01e2,Cranberry,British Columbia,British Columbia,e,t1,43985,304.2965061,1,0.328626843,14.08769231,2.139393939,5.352678571,8.375
CRA01e3,Cranberry,British Columbia,British Columbia,e,t1,43985,225.4850088,0,0,14.08769231,2.139393939,5.352678571,8.375
CRA01e4,Cranberry,British Columbia,British Columbia,e,t1,43985,219.8482428,0,0,14.08769231,2.139393939,5.352678571,8.375
CRA01u1,Cranberry,British Columbia,British Columbia,u,t1,43985,303.5046729,3,0.988452656,14.08769231,2.139393939,5.352678571,8.375
CRA01u2,Cranberry,British Columbia,British Columbia,u,t1,43985,242.3484119,1,0.412629071,14.08769231,2.139393939,5.352678571,8.375
CRA01u3,Cranberry,British Columbia,British Columbia,u,t1,43985,292.7118644,1,0.341632889,14.08769231,2.139393939,5.352678571,8.375
CRA01u4,Cranberry,British Columbia,British Columbia,u,t1,43985,296.2756052,0,0,14.08769231,2.139393939,5.352678571,8.375
CRA02e1,Cranberry,British Columbia,British Columbia,e,t1,43985,369.1121495,0,0,14.08769231,2.139393939,5.352678571,8.375
CRA02e2,Cranberry,British Columbia,British Columbia,e,t1,43985,272.9680365,0,0,14.08769231,2.139393939,5.352678571,8.375
CRA02e3,Cranberry,British Columbia,British Columbia,e,t1,43985,284.9767442,0,0,14.08769231,2.139393939,5.352678571,8.375
CRA02e4,Cranberry,British Columbia,British Columbia,e,t1,43985,295.9,0,0,14.08769231,2.139393939,5.352678571,8.375
CRA02u1,Cranberry,British Columbia,British Columbia,u,t1,43985,333.5894621,0,0,14.08769231,2.139393939,5.352678571,8.375
CRA02u2,Cranberry,British Columbia,British Columbia,u,t1,43985,315.9185804,0,0,14.08769231,2.139393939,5.352678571,8.375
CRA02u3,Cranberry,British Columbia,British Columbia,u,t1,43985,282.1270962,0,0,14.08769231,2.139393939,5.352678571,8.375
CRA02u4,Cranberry,British Columbia,British Columbia,u,t1,43985,318.268359,0,0,14.08769231,2.139393939,5.352678571,8.375
CRA03e1,Cranberry,British Columbia,British Columbia,e,t1,43985,210.1681345,20,9.516190476,13.84646465,1.727922078,7.995535714,8.811808894
CRA03e2,Cranberry,British Columbia,British Columbia,e,t1,43985,221.9983207,1,0.450453858,13.84646465,1.727922078,7.995535714,8.811808894
CRA03e3,Cranberry,British Columbia,British Columbia,e,t1,43985,308.0097087,0,0,13.84646465,1.727922078,7.995535714,8.811808894
CRA03e4,Cranberry,British Columbia,British Columbia,e,t1,43985,192.8876245,1,0.518436578,13.84646465,1.727922078,7.995535714,8.811808894
CRA03u1,Cranberry,British Columbia,British Columbia,u,t1,43985,264.6494157,1,0.377858382,13.84646465,1.727922078,7.995535714,8.811808894
CRA03u2,Cranberry,British Columbia,British Columbia,u,t1,43985,235.3839038,1,0.424837886,13.84646465,1.727922078,7.995535714,8.811808894
CRA03u3,Cranberry,British Columbia,British Columbia,u,t1,43985,258.6717428,1,0.386590352,13.84646465,1.727922078,7.995535714,8.811808894
CRA03u4,Cranberry,British Columbia,British Columbia,u,t1,43985,260.0290698,1,0.384572387,13.84646465,1.727922078,7.995535714,8.811808894
CRA01e1,Cranberry,British Columbia,British Columbia,e,t2,44000,289.4060284,1,0.345535304,14.47727273,1.925757576,5.348001701,8.626311275
CRA01e2,Cranberry,British Columbia,British Columbia,e,t2,44000,339.744898,0,0,14.47727273,1.925757576,5.348001701,8.626311275
CRA01e3,Cranberry,British Columbia,British Columbia,e,t2,44000,295.6300813,0,0,14.47727273,1.925757576,5.348001701,8.626311275
CRA01e4,Cranberry,British Columbia,British Columbia,e,t2,44000,307.6605505,0,0,14.47727273,1.925757576,5.348001701,8.626311275
CRA01u1,Cranberry,British Columbia,British Columbia,u,t2,44000,343.4844193,4,1.164536082,14.47727273,1.925757576,5.348001701,8.626311275
CRA01u2,Cranberry,British Columbia,British Columbia,u,t2,44000,256.9143932,0,0,14.47727273,1.925757576,5.348001701,8.626311275
CRA01u3,Cranberry,British Columbia,British Columbia,u,t2,44000,266.9838249,0,0,14.47727273,1.925757576,5.348001701,8.626311275
CRA01u4,Cranberry,British Columbia,British Columbia,u,t2,44000,313.6281588,0,0,14.47727273,1.925757576,5.348001701,8.626311275
CRA02e1,Cranberry,British Columbia,British Columbia,e,t2,44000,308.5427136,0,0,14.22944162,2.106535948,7.819302721,8.998281688
CRA02e2,Cranberry,British Columbia,British Columbia,e,t2,44000,237.0075047,1,0.421927568,14.22944162,2.106535948,7.819302721,8.998281688
CRA02e3,Cranberry,British Columbia,British Columbia,e,t2,44000,212.0387454,1,0.471611921,14.22944162,2.106535948,7.819302721,8.998281688
CRA02e4,Cranberry,British Columbia,British Columbia,e,t2,44000,340.4761905,5,1.468531469,14.22944162,2.106535948,7.819302721,8.998281688
CRA02u1,Cranberry,British Columbia,British Columbia,u,t2,44000,244.3943944,1,0.409174688,14.47727273,1.925757576,5.348001701,8.626311275
CRA02u2,Cranberry,British Columbia,British Columbia,u,t2,44000,278.5931174,1,0.358946412,14.47727273,1.925757576,5.348001701,8.626311275
CRA02u3,Cranberry,British Columbia,British Columbia,u,t2,44000,312.8599801,0,0,14.47727273,1.925757576,5.348001701,8.626311275
CRA02u4,Cranberry,British Columbia,British Columbia,u,t2,44000,257.4557316,0,0,14.47727273,1.925757576,5.348001701,8.626311275
CRA03e1,Cranberry,British Columbia,British Columbia,e,t2,44000,359.8029046,22,6.1144587,14.22944162,2.106535948,7.819302721,8.998281688
CRA03e2,Cranberry,British Columbia,British Columbia,e,t2,44000,333.0223881,5,1.50140056,14.22944162,2.106535948,7.819302721,8.998281688
CRA03e3,Cranberry,British Columbia,British Columbia,e,t2,44000,282.1005917,2,0.708966964,14.22944162,2.106535948,7.819302721,8.998281688
CRA03e4,Cranberry,British Columbia,British Columbia,e,t2,44000,288.182721,0,0,14.22944162,2.106535948,7.819302721,8.998281688
CRA03u1,Cranberry,British Columbia,British Columbia,u,t2,44000,335.6548857,9,2.681325488,14.22944162,2.106535948,7.819302721,8.998281688
CRA03u2,Cranberry,British Columbia,British Columbia,u,t2,44000,308.0889788,4,1.298326223,14.22944162,2.106535948,7.819302721,8.998281688
CRA03u3,Cranberry,British Columbia,British Columbia,u,t2,44000,298.6363636,1,0.334855403,14.22944162,2.106535948,7.819302721,8.998281688
CRA03u4,Cranberry,British Columbia,British Columbia,u,t2,44000,262.1743037,0,0,14.22944162,2.106535948,7.819302721,8.998281688
CRA01e1,Cranberry,British Columbia,British Columbia,e,t3,44018,348.5431842,1,0.286908494,16.21363636,1.622727273,5.239087302,7.889802632
CRA01e2,Cranberry,British Columbia,British Columbia,e,t3,44018,369.172553,0,0,16.21363636,1.622727273,5.239087302,7.889802632
CRA01e3,Cranberry,British Columbia,British Columbia,e,t3,44018,294.6911197,0,0,16.21363636,1.622727273,5.239087302,7.889802632
CRA01e4,Cranberry,British Columbia,British Columbia,e,t3,44018,237.1010638,1,0.421761077,16.21363636,1.622727273,5.239087302,7.889802632
CRA01u1,Cranberry,British Columbia,British Columbia,u,t3,44018,260.8159393,5,1.917060749,16.21363636,1.622727273,5.239087302,7.889802632
CRA01u2,Cranberry,British Columbia,British Columbia,u,t3,44018,330.6451613,2,0.604878049,16.21363636,1.622727273,5.239087302,7.889802632
CRA01u3,Cranberry,British Columbia,British Columbia,u,t3,44018,323.6140725,1,0.309010048,16.21363636,1.622727273,5.239087302,7.889802632
CRA01u4,Cranberry,British Columbia,British Columbia,u,t3,44018,358.1926514,4,1.116717494,16.21363636,1.622727273,5.239087302,7.889802632
CRA02e1,Cranberry,British Columbia,British Columbia,e,t3,44018,369.4037146,1,0.270706536,15.8751269,1.89869281,7.672123016,8.242453791
CRA02e2,Cranberry,British Columbia,British Columbia,e,t3,44018,321.4285714,2,0.622222222,15.8751269,1.89869281,7.672123016,8.242453791
CRA02e3,Cranberry,British Columbia,British Columbia,e,t3,44018,288.0412371,1,0.347172513,15.8751269,1.89869281,7.672123016,8.242453791
CRA02e4,Cranberry,British Columbia,British Columbia,e,t3,44018,306.3700708,6,1.958415842,15.8751269,1.89869281,7.672123016,8.242453791
CRA02u1,Cranberry,British Columbia,British Columbia,u,t3,44018,261.025641,2,0.766208251,16.21363636,1.622727273,5.239087302,7.889802632
CRA02u2,Cranberry,British Columbia,British Columbia,u,t3,44018,266.2298387,0,0,16.21363636,1.622727273,5.239087302,7.889802632
CRA02u3,Cranberry,British Columbia,British Columbia,u,t3,44018,296.9565217,1,0.336749634,16.21363636,1.622727273,5.239087302,7.889802632
CRA02u4,Cranberry,British Columbia,British Columbia,u,t3,44018,253.4766697,1,0.394513626,16.21363636,1.622727273,5.239087302,7.889802632
CRA03e1,Cranberry,British Columbia,British Columbia,e,t3,44018,323.7204724,26,8.031620553,15.8751269,1.89869281,7.672123016,8.242453791
CRA03e2,Cranberry,British Columbia,British Columbia,e,t3,44018,265.6154629,5,1.882420529,15.8751269,1.89869281,7.672123016,8.242453791
CRA03e3,Cranberry,British Columbia,British Columbia,e,t3,44018,311.2689394,3,0.963796775,15.8751269,1.89869281,7.672123016,8.242453791
CRA03e4,Cranberry,British Columbia,British Columbia,e,t3,44018,282.7254306,3,1.061100161,15.8751269,1.89869281,7.672123016,8.242453791
CRA03u1,Cranberry,British Columbia,British Columbia,u,t3,44018,282.4423963,5,1.770272475,15.8751269,1.89869281,7.672123016,8.242453791
CRA03u2,Cranberry,British Columbia,British Columbia,u,t3,44018,384.9615807,2,0.519532364,15.8751269,1.89869281,7.672123016,8.242453791
CRA03u3,Cranberry,British Columbia,British Columbia,u,t3,44018,268.6693148,1,0.372204768,15.8751269,1.89869281,7.672123016,8.242453791
CRA03u4,Cranberry,British Columbia,British Columbia,u,t3,44018,340.8996898,2,0.586682845,15.8751269,1.89869281,7.672123016,8.242453791
HBB01e1,Highbush blueberry,British Columbia,British Columbia,e,t1,43948,339.0510949,2,0.589881593,10.55808081,1.023863636,6.872661565,7.941329657
HBB01e2,Highbush blueberry,British Columbia,British Columbia,e,t1,43948,285.0043215,0,0,10.55808081,1.023863636,6.872661565,7.941329657
HBB01e3,Highbush blueberry,British Columbia,British Columbia,e,t1,43948,260.5388273,4,1.535279805,10.55808081,1.023863636,6.872661565,7.941329657
HBB01e4,Highbush blueberry,British Columbia,British Columbia,e,t1,43948,257.5,3,1.165048544,10.55808081,1.023863636,6.872661565,7.941329657
HBB01u1,Highbush blueberry,British Columbia,British Columbia,u,t1,43948,280.8108108,4,1.424446583,10.55808081,1.023863636,6.872661565,7.941329657
HBB01u2,Highbush blueberry,British Columbia,British Columbia,u,t1,43948,200.5426357,0,0,10.55808081,1.023863636,6.872661565,7.941329657
HBB01u3,Highbush blueberry,British Columbia,British Columbia,u,t1,43948,227.1586345,0,0,10.55808081,1.023863636,6.872661565,7.941329657
HBB01u4,Highbush blueberry,British Columbia,British Columbia,u,t1,43948,203.7555228,0,0,10.55808081,1.023863636,6.872661565,7.941329657
HBB02e1,Highbush blueberry,British Columbia,British Columbia,e,t1,43948,250.4884547,0,0,10.55808081,1.023863636,6.872661565,7.941329657
HBB02e2,Highbush blueberry,British Columbia,British Columbia,e,t1,43948,321.416309,0,0,10.55808081,1.023863636,6.872661565,7.941329657
HBB02e3,Highbush blueberry,British Columbia,British Columbia,e,t1,43948,275.9226714,2,0.724840764,10.55808081,1.023863636,6.872661565,7.941329657
HBB02e4,Highbush blueberry,British Columbia,British Columbia,e,t1,43948,267.7434908,8,2.98793445,10.55808081,1.023863636,6.872661565,7.941329657
HBB02u1,Highbush blueberry,British Columbia,British Columbia,u,t1,43948,275.7981018,0,0,10.55808081,1.023863636,6.872661565,7.941329657
HBB02u2,Highbush blueberry,British Columbia,British Columbia,u,t1,43948,216.3352273,1,0.462245568,10.55808081,1.023863636,6.872661565,7.941329657
HBB02u3,Highbush blueberry,British Columbia,British Columbia,u,t1,43948,208.0980066,1,0.480542806,10.55808081,1.023863636,6.872661565,7.941329657
HBB02u4,Highbush blueberry,British Columbia,British Columbia,u,t1,43948,275.4892368,3,1.088971763,10.55808081,1.023863636,6.872661565,7.941329657
HBB03e1,Highbush blueberry,British Columbia,British Columbia,e,t1,43948,254.3273013,0,0,10.55808081,1.023863636,6.872661565,7.941329657
HBB03e2,Highbush blueberry,British Columbia,British Columbia,e,t1,43948,261.7149758,0,0,10.55808081,1.023863636,6.872661565,7.941329657
HBB03e3,Highbush blueberry,British Columbia,British Columbia,e,t1,43948,259.0445269,16,6.176544315,10.55808081,1.023863636,6.872661565,7.941329657
HBB03e4,Highbush blueberry,British Columbia,British Columbia,e,t1,43948,203.7684538,2,0.981506196,10.55808081,1.023863636,6.872661565,7.941329657
HBB03u1,Highbush blueberry,British Columbia,British Columbia,u,t1,43948,354.189044,1,0.282335102,10.55808081,1.023863636,6.872661565,7.941329657
HBB03u2,Highbush blueberry,British Columbia,British Columbia,u,t1,43948,310.9221128,0,0,10.55808081,1.023863636,6.872661565,7.941329657
HBB03u3,Highbush blueberry,British Columbia,British Columbia,u,t1,43948,285.0620567,0,0,10.55808081,1.023863636,6.872661565,7.941329657
HBB03u4,Highbush blueberry,British Columbia,British Columbia,u,t1,43948,223.4333628,0,0,10.55808081,1.023863636,6.872661565,7.941329657
HBB04e1,Highbush blueberry,British Columbia,British Columbia,e,t1,43949,302.7576854,0,0,10.91363636,0.777272727,4.883928571,8.867559524
HBB04e2,Highbush blueberry,British Columbia,British Columbia,e,t1,43949,228.1957929,0,0,10.91363636,0.777272727,4.883928571,8.867559524
HBB04e3,Highbush blueberry,British Columbia,British Columbia,e,t1,43949,248.0088496,0,0,10.91363636,0.777272727,4.883928571,8.867559524
HBB04e4,Highbush blueberry,British Columbia,British Columbia,e,t1,43949,267.1626984,1,0.37430375,10.91363636,0.777272727,4.883928571,8.867559524
HBB04u1,Highbush blueberry,British Columbia,British Columbia,u,t1,43949,311.443662,0,0,10.91363636,0.777272727,4.883928571,8.867559524
HBB04u2,Highbush blueberry,British Columbia,British Columbia,u,t1,43949,248.9182692,1,0.401738291,10.91363636,0.777272727,4.883928571,8.867559524
HBB04u3,Highbush blueberry,British Columbia,British Columbia,u,t1,43949,266.7901235,0,0,10.91363636,0.777272727,4.883928571,8.867559524
HBB04u4,Highbush blueberry,British Columbia,British Columbia,u,t1,43949,262.8774423,0,0,10.91363636,0.777272727,4.883928571,8.867559524
HBB05e1,Highbush blueberry,British Columbia,British Columbia,e,t1,43949,337.6363636,0,0,10.91363636,0.777272727,4.883928571,8.867559524
HBB05e2,Highbush blueberry,British Columbia,British Columbia,e,t1,43949,256.6757493,0,0,10.91363636,0.777272727,4.883928571,8.867559524
HBB05e3,Highbush blueberry,British Columbia,British Columbia,e,t1,43949,298.0145867,1,0.335554045,10.91363636,0.777272727,4.883928571,8.867559524
HBB05e4,Highbush blueberry,British Columbia,British Columbia,e,t1,43949,284.3451865,0,0,10.91363636,0.777272727,4.883928571,8.867559524
HBB05u1,Highbush blueberry,British Columbia,British Columbia,u,t1,43949,303.7852113,1,0.329179948,10.91363636,0.777272727,4.883928571,8.867559524
HBB05u2,Highbush blueberry,British Columbia,British Columbia,u,t1,43949,229.1361043,0,0,10.91363636,0.777272727,4.883928571,8.867559524
HBB05u3,Highbush blueberry,British Columbia,British Columbia,u,t1,43949,208.172043,1,0.480371901,10.91363636,0.777272727,4.883928571,8.867559524
HBB05u4,Highbush blueberry,British Columbia,British Columbia,u,t1,43949,241.0138249,10,4.149139579,10.91363636,0.777272727,4.883928571,8.867559524
HBB01e1,Highbush blueberry,British Columbia,British Columbia,e,t2,43962,268.4608541,2,0.744987572,12.30744681,1.68034188,8.17439059,8.600747705
HBB01e2,Highbush blueberry,British Columbia,British Columbia,e,t2,43962,230.9760132,1,0.432945389,12.30744681,1.68034188,8.17439059,8.600747705
HBB01e3,Highbush blueberry,British Columbia,British Columbia,e,t2,43962,240.2192982,1,0.416286288,12.30744681,1.68034188,8.17439059,8.600747705
HBB01e4,Highbush blueberry,British Columbia,British Columbia,e,t2,43962,232.6645265,2,0.859606761,12.30744681,1.68034188,8.17439059,8.600747705
HBB01u1,Highbush blueberry,British Columbia,British Columbia,u,t2,43962,228.6139456,1,0.437418635,12.30744681,1.68034188,8.17439059,8.600747705
HBB01u2,Highbush blueberry,British Columbia,British Columbia,u,t2,43962,192.0209287,1,0.520776567,12.30744681,1.68034188,8.17439059,8.600747705
HBB01u3,Highbush blueberry,British Columbia,British Columbia,u,t2,43962,263.514719,0,0,12.30744681,1.68034188,8.17439059,8.600747705
HBB01u4,Highbush blueberry,British Columbia,British Columbia,u,t2,43962,221.4343928,0,0,12.30744681,1.68034188,8.17439059,8.600747705
HBB02e1,Highbush blueberry,British Columbia,British Columbia,e,t2,43962,281.9548872,0,0,12.30744681,1.68034188,8.17439059,8.600747705
HBB02e2,Highbush blueberry,British Columbia,British Columbia,e,t2,43962,218.5490877,1,0.457563109,12.30744681,1.68034188,8.17439059,8.600747705
HBB02e3,Highbush blueberry,British Columbia,British Columbia,e,t2,43962,229.6013571,1,0.435537495,12.30744681,1.68034188,8.17439059,8.600747705
HBB02e4,Highbush blueberry,British Columbia,British Columbia,e,t2,43962,259.4314079,13,5.010958428,12.30744681,1.68034188,8.17439059,8.600747705
HBB02u1,Highbush blueberry,British Columbia,British Columbia,u,t2,43962,213.9250814,0,0,12.30744681,1.68034188,8.17439059,8.600747705
HBB02u2,Highbush blueberry,British Columbia,British Columbia,u,t2,43962,211.3389121,1,0.473173629,12.30744681,1.68034188,8.17439059,8.600747705
HBB02u3,Highbush blueberry,British Columbia,British Columbia,u,t2,43962,265.0596878,0,0,12.30744681,1.68034188,8.17439059,8.600747705
HBB02u4,Highbush blueberry,British Columbia,British Columbia,u,t2,43962,236.4757709,0,0,12.30744681,1.68034188,8.17439059,8.600747705
HBB03e1,Highbush blueberry,British Columbia,British Columbia,e,t2,43962,226.4261745,2,0.883290107,12.30744681,1.68034188,8.17439059,8.600747705
HBB03e2,Highbush blueberry,British Columbia,British Columbia,e,t2,43962,215.3261841,0,0,12.30744681,1.68034188,8.17439059,8.600747705
HBB03e3,Highbush blueberry,British Columbia,British Columbia,e,t2,43962,271.5669014,6,2.209400324,12.30744681,1.68034188,8.17439059,8.600747705
HBB03e4,Highbush blueberry,British Columbia,British Columbia,e,t2,43962,252.6936027,2,0.791472352,12.30744681,1.68034188,8.17439059,8.600747705
HBB03u1,Highbush blueberry,British Columbia,British Columbia,u,t2,43962,231.2098992,4,1.730029732,12.30744681,1.68034188,8.17439059,8.600747705
HBB03u2,Highbush blueberry,British Columbia,British Columbia,u,t2,43962,265.0090416,3,1.132036847,12.30744681,1.68034188,8.17439059,8.600747705
HBB03u3,Highbush blueberry,British Columbia,British Columbia,u,t2,43962,219.6003401,0,0,12.30744681,1.68034188,8.17439059,8.600747705
HBB03u4,Highbush blueberry,British Columbia,British Columbia,u,t2,43962,276.5391791,4,1.446449654,12.30744681,1.68034188,8.17439059,8.600747705
HBB04e1,Highbush blueberry,British Columbia,British Columbia,e,t2,43962,228.9662599,0,0,13.18,1.28030303,6.185586735,10.32749613
HBB04e2,Highbush blueberry,British Columbia,British Columbia,e,t2,43962,312.8531073,0,0,13.18,1.28030303,6.185586735,10.32749613
HBB04e3,Highbush blueberry,British Columbia,British Columbia,e,t2,43962,214.8119724,0,0,13.18,1.28030303,6.185586735,10.32749613
HBB04e4,Highbush blueberry,British Columbia,British Columbia,e,t2,43962,222.3684211,0,0,13.18,1.28030303,6.185586735,10.32749613
HBB04u1,Highbush blueberry,British Columbia,British Columbia,u,t2,43962,271.6666667,0,0,13.18,1.28030303,6.185586735,10.32749613
HBB04u2,Highbush blueberry,British Columbia,British Columbia,u,t2,43962,262.0188195,0,0,13.18,1.28030303,6.185586735,10.32749613
HBB04u3,Highbush blueberry,British Columbia,British Columbia,u,t2,43962,241.0909091,0,0,13.18,1.28030303,6.185586735,10.32749613
HBB04u4,Highbush blueberry,British Columbia,British Columbia,u,t2,43962,251.2679628,1,0.397981497,13.18,1.28030303,6.185586735,10.32749613
HBB05e1,Highbush blueberry,British Columbia,British Columbia,e,t2,43962,361.6602687,1,0.276502587,13.18,1.28030303,6.185586735,10.32749613
HBB05e2,Highbush blueberry,British Columbia,British Columbia,e,t2,43962,191.48,0,0,13.18,1.28030303,6.185586735,10.32749613
HBB05e3,Highbush blueberry,British Columbia,British Columbia,e,t2,43962,223.4375,2,0.895104895,13.18,1.28030303,6.185586735,10.32749613
HBB05e4,Highbush blueberry,British Columbia,British Columbia,e,t2,43962,192.56917,0,0,13.18,1.28030303,6.185586735,10.32749613
HBB05u1,Highbush blueberry,British Columbia,British Columbia,u,t2,43962,220,0,0,13.18,1.28030303,6.185586735,10.32749613
HBB05u2,Highbush blueberry,British Columbia,British Columbia,u,t2,43962,113.672496,0,0,13.18,1.28030303,6.185586735,10.32749613
HBB05u3,Highbush blueberry,British Columbia,British Columbia,u,t2,43962,190.8876669,0,0,13.18,1.28030303,6.185586735,10.32749613
HBB05u4,Highbush blueberry,British Columbia,British Columbia,u,t2,43962,315.1340996,11,3.490577508,13.18,1.28030303,6.185586735,10.32749613
HBB01e1,Highbush blueberry,British Columbia,British Columbia,e,t3,43977,251.0618652,5,1.991541008,14.08429319,2.27972973,8.152565193,9.132027378
HBB01e2,Highbush blueberry,British Columbia,British Columbia,e,t3,43977,255.6725146,3,1.173376029,14.08429319,2.27972973,8.152565193,9.132027378
HBB01e3,Highbush blueberry,British Columbia,British Columbia,e,t3,43977,290.06917,4,1.378981434,14.08429319,2.27972973,8.152565193,9.132027378
HBB01e4,Highbush blueberry,British Columbia,British Columbia,e,t3,43977,235.0884956,1,0.42537173,14.08429319,2.27972973,8.152565193,9.132027378
HBB01u1,Highbush blueberry,British Columbia,British Columbia,u,t3,43977,335.7207207,6,1.787199785,14.08429319,2.27972973,8.152565193,9.132027378
HBB01u2,Highbush blueberry,British Columbia,British Columbia,u,t3,43977,209.6559812,2,0.953943688,14.08429319,2.27972973,8.152565193,9.132027378
HBB01u3,Highbush blueberry,British Columbia,British Columbia,u,t3,43977,296.231376,1,0.337573964,14.08429319,2.27972973,8.152565193,9.132027378
HBB01u4,Highbush blueberry,British Columbia,British Columbia,u,t3,43977,301.1935209,0,0,14.08429319,2.27972973,8.152565193,9.132027378
HBB02e1,Highbush blueberry,British Columbia,British Columbia,e,t3,43977,320.5932203,3,0.935765266,14.08429319,2.27972973,8.152565193,9.132027378
HBB02e2,Highbush blueberry,British Columbia,British Columbia,e,t3,43977,281.5837937,1,0.355134075,14.08429319,2.27972973,8.152565193,9.132027378
HBB02e3,Highbush blueberry,British Columbia,British Columbia,e,t3,43977,339.6150403,0,0,14.08429319,2.27972973,8.152565193,9.132027378
HBB02e4,Highbush blueberry,British Columbia,British Columbia,e,t3,43977,234.1299477,17,7.26092504,14.08429319,2.27972973,8.152565193,9.132027378
HBB02u1,Highbush blueberry,British Columbia,British Columbia,u,t3,43977,287.5748503,0,0,14.08429319,2.27972973,8.152565193,9.132027378
HBB02u2,Highbush blueberry,British Columbia,British Columbia,u,t3,43977,241.7573222,2,0.827275874,14.08429319,2.27972973,8.152565193,9.132027378
HBB02u3,Highbush blueberry,British Columbia,British Columbia,u,t3,43977,186.2745098,0,0,14.08429319,2.27972973,8.152565193,9.132027378
HBB02u4,Highbush blueberry,British Columbia,British Columbia,u,t3,43977,340.3903904,2,0.587560653,14.08429319,2.27972973,8.152565193,9.132027378
HBB03e1,Highbush blueberry,British Columbia,British Columbia,e,t3,43977,283.9429081,1,0.352183475,14.08429319,2.27972973,8.152565193,9.132027378
HBB03e2,Highbush blueberry,British Columbia,British Columbia,e,t3,43977,303.8095238,2,0.65830721,14.08429319,2.27972973,8.152565193,9.132027378
HBB03e3,Highbush blueberry,British Columbia,British Columbia,e,t3,43977,233.5964912,10,4.280886219,14.08429319,2.27972973,8.152565193,9.132027378
HBB03e4,Highbush blueberry,British Columbia,British Columbia,e,t3,43977,234.5248474,6,2.558364312,14.08429319,2.27972973,8.152565193,9.132027378
HBB03u1,Highbush blueberry,British Columbia,British Columbia,u,t3,43977,324.7916667,1,0.307889673,14.08429319,2.27972973,8.152565193,9.132027378
HBB03u2,Highbush blueberry,British Columbia,British Columbia,u,t3,43977,346.1438475,1,0.288897234,14.08429319,2.27972973,8.152565193,9.132027378
HBB03u3,Highbush blueberry,British Columbia,British Columbia,u,t3,43977,369.4984647,2,0.541274238,14.08429319,2.27972973,8.152565193,9.132027378
HBB03u4,Highbush blueberry,British Columbia,British Columbia,u,t3,43977,370.8920188,4,1.078481013,14.08429319,2.27972973,8.152565193,9.132027378
HBB04e1,Highbush blueberry,British Columbia,British Columbia,e,t3,43977,224.5823389,0,0,14.8265625,2.333333333,6.118622449,9.565056022
HBB04e2,Highbush blueberry,British Columbia,British Columbia,e,t3,43977,276.6441821,1,0.36147516,14.8265625,2.333333333,6.118622449,9.565056022
HBB04e3,Highbush blueberry,British Columbia,British Columbia,e,t3,43977,239.0125847,0,0,14.8265625,2.333333333,6.118622449,9.565056022
HBB04e4,Highbush blueberry,British Columbia,British Columbia,e,t3,43977,328.422782,0,0,14.8265625,2.333333333,6.118622449,9.565056022
HBB04u1,Highbush blueberry,British Columbia,British Columbia,u,t3,43977,345.1162791,0,0,14.8265625,2.333333333,6.118622449,9.565056022
HBB04u2,Highbush blueberry,British Columbia,British Columbia,u,t3,43977,277.739726,0,0,14.8265625,2.333333333,6.118622449,9.565056022
HBB04u3,Highbush blueberry,British Columbia,British Columbia,u,t3,43977,N/A,N/A,N/A,14.8265625,2.333333333,6.118622449,9.565056022
HBB04u4,Highbush blueberry,British Columbia,British Columbia,u,t3,43977,368.1294326,0,0,14.8265625,2.333333333,6.118622449,9.565056022
HBB05e1,Highbush blueberry,British Columbia,British Columbia,e,t3,43977,334.8112379,2,0.597351514,14.8265625,2.333333333,6.118622449,9.565056022
HBB05e2,Highbush blueberry,British Columbia,British Columbia,e,t3,43977,N/A,N/A,N/A,14.8265625,2.333333333,6.118622449,9.565056022
HBB05e3,Highbush blueberry,British Columbia,British Columbia,e,t3,43977,N/A,N/A,N/A,14.8265625,2.333333333,6.118622449,9.565056022
HBB05e4,Highbush blueberry,British Columbia,British Columbia,e,t3,43977,261.7424242,0,0,14.8265625,2.333333333,6.118622449,9.565056022
HBB05u1,Highbush blueberry,British Columbia,British Columbia,u,t3,43977,206.1270802,1,0.485137615,14.8265625,2.333333333,6.118622449,9.565056022
HBB05u2,Highbush blueberry,British Columbia,British Columbia,u,t3,43977,304.2068361,1,0.328723711,14.8265625,2.333333333,6.118622449,9.565056022
HBB05u3,Highbush blueberry,British Columbia,British Columbia,u,t3,43977,306.0034305,0,0,14.8265625,2.333333333,6.118622449,9.565056022
HBB05u4,Highbush blueberry,British Columbia,British Columbia,u,t3,43977,300.7637475,19,6.317250719,14.8265625,2.333333333,6.118622449,9.565056022
CRA04e1,Cranberry,Quebec,Quebec,e,t1,44004,N/A,0,0,19.04886364,2.580769231,4.893920068,10.63141507
CRA04e2,Cranberry,Quebec,Quebec,e,t1,44004,N/A,0,0,19.04886364,2.580769231,4.893920068,10.63141507
CRA04e3,Cranberry,Quebec,Quebec,e,t1,44004,N/A,0,0,19.04886364,2.580769231,4.893920068,10.63141507
CRA04e4,Cranberry,Quebec,Quebec,e,t1,44004,N/A,0,0,19.04886364,2.580769231,4.893920068,10.63141507
CRA04u1,Cranberry,Quebec,Quebec,u,t1,44004,N/A,0,0,19.04886364,2.580769231,4.893920068,10.63141507
CRA04u2,Cranberry,Quebec,Quebec,u,t1,44004,N/A,0,0,19.04886364,2.580769231,4.893920068,10.63141507
CRA04u3,Cranberry,Quebec,Quebec,u,t1,44004,N/A,0,0,19.04886364,2.580769231,4.893920068,10.63141507
CRA04u4,Cranberry,Quebec,Quebec,u,t1,44004,N/A,0,0,19.04886364,2.580769231,4.893920068,10.63141507
CRA05e1,Cranberry,Quebec,Quebec,e,t1,44004,N/A,0,0,19.04886364,2.580769231,4.893920068,10.63141507
CRA05e2,Cranberry,Quebec,Quebec,e,t1,44004,N/A,0,0,19.04886364,2.580769231,4.893920068,10.63141507
CRA05e3,Cranberry,Quebec,Quebec,e,t1,44004,N/A,0,0,19.04886364,2.580769231,4.893920068,10.63141507
CRA05e4,Cranberry,Quebec,Quebec,e,t1,44004,199.6457308,1,0.500887245,19.04886364,2.580769231,4.893920068,10.63141507
CRA05u1,Cranberry,Quebec,Quebec,u,t1,44004,N/A,0,0,19.04886364,2.580769231,4.893920068,10.63141507
CRA05u2,Cranberry,Quebec,Quebec,u,t1,44004,N/A,0,0,19.04886364,2.580769231,4.893920068,10.63141507
CRA05u3,Cranberry,Quebec,Quebec,u,t1,44004,N/A,0,0,19.04886364,2.580769231,4.893920068,10.63141507
CRA05u4,Cranberry,Quebec,Quebec,u,t1,44004,N/A,0,0,19.04886364,2.580769231,4.893920068,10.63141507
CRA04e1,Cranberry,Quebec,Quebec,e,t2,44022,N/A,0,0,20.10185185,2.689534884,5.525651927,9.105701754
CRA04e2,Cranberry,Quebec,Quebec,e,t2,44022,N/A,0,0,20.10185185,2.689534884,5.525651927,9.105701754
CRA04e3,Cranberry,Quebec,Quebec,e,t2,44022,N/A,0,0,20.10185185,2.689534884,5.525651927,9.105701754
CRA04e4,Cranberry,Quebec,Quebec,e,t2,44022,N/A,0,0,20.10185185,2.689534884,5.525651927,9.105701754
CRA04u1,Cranberry,Quebec,Quebec,u,t2,44021,N/A,0,0,19.98411215,2.672941176,5.641723356,9.317872807
CRA04u2,Cranberry,Quebec,Quebec,u,t2,44021,N/A,0,0,19.98411215,2.672941176,5.641723356,9.317872807
CRA04u3,Cranberry,Quebec,Quebec,u,t2,44021,N/A,0,0,19.98411215,2.672941176,5.641723356,9.317872807
CRA04u4,Cranberry,Quebec,Quebec,u,t2,44021,N/A,0,0,19.98411215,2.672941176,5.641723356,9.317872807
CRA05e1,Cranberry,Quebec,Quebec,e,t2,44022,N/A,0,0,20.10185185,2.689534884,5.525651927,9.105701754
CRA05e2,Cranberry,Quebec,Quebec,e,t2,44022,N/A,0,0,20.10185185,2.689534884,5.525651927,9.105701754
CRA05e3,Cranberry,Quebec,Quebec,e,t2,44022,N/A,0,0,20.10185185,2.689534884,5.525651927,9.105701754
CRA05e4,Cranberry,Quebec,Quebec,e,t2,44022,N/A,0,0,20.10185185,2.689534884,5.525651927,9.105701754
CRA05u1,Cranberry,Quebec,Quebec,u,t2,44021,N/A,0,0,19.98411215,2.672941176,5.641723356,9.317872807
CRA05u2,Cranberry,Quebec,Quebec,u,t2,44021,N/A,0,0,19.98411215,2.672941176,5.641723356,9.317872807
CRA05u3,Cranberry,Quebec,Quebec,u,t2,44021,N/A,0,0,19.98411215,2.672941176,5.641723356,9.317872807
CRA05u4,Cranberry,Quebec,Quebec,u,t2,44021,N/A,0,0,19.98411215,2.672941176,5.641723356,9.317872807
CRA04e1,Cranberry,Quebec,Quebec,e,t3,44040,N/A,0,0,21.55873016,3.883333333,5.522321429,9.047916667
CRA04e2,Cranberry,Quebec,Quebec,e,t3,44040,N/A,0,0,21.55873016,3.883333333,5.522321429,9.047916667
CRA04e3,Cranberry,Quebec,Quebec,e,t3,44040,N/A,0,0,21.55873016,3.883333333,5.522321429,9.047916667
CRA04e4,Cranberry,Quebec,Quebec,e,t3,44040,N/A,0,0,21.55873016,3.883333333,5.522321429,9.047916667
CRA04u1,Cranberry,Quebec,Quebec,u,t3,44040,202.7416686,2,0.986477034,21.35873016,4.197402597,5.522321429,9.047916667
CRA04u2,Cranberry,Quebec,Quebec,u,t3,44040,N/A,0,0,21.35873016,4.197402597,5.522321429,9.047916667
CRA04u3,Cranberry,Quebec,Quebec,u,t3,44040,N/A,0,0,21.35873016,4.197402597,5.522321429,9.047916667
CRA04u4,Cranberry,Quebec,Quebec,u,t3,44040,N/A,0,0,21.35873016,4.197402597,5.522321429,9.047916667
CRA05e1,Cranberry,Quebec,Quebec,e,t3,44040,214.5524791,6,2.796518607,21.55873016,3.883333333,5.452380952,9.067708333
CRA05e2,Cranberry,Quebec,Quebec,e,t3,44040,N/A,0,0,21.55873016,3.883333333,5.452380952,9.067708333
CRA05e3,Cranberry,Quebec,Quebec,e,t3,44040,N/A,0,0,21.55873016,3.883333333,5.452380952,9.067708333
CRA05e4,Cranberry,Quebec,Quebec,e,t3,44040,N/A,0,0,21.55873016,3.883333333,5.452380952,9.067708333
CRA05u1,Cranberry,Quebec,Quebec,u,t3,44041,N/A,0,0,21.35873016,4.197402597,5.452380952,9.067708333
CRA05u2,Cranberry,Quebec,Quebec,u,t3,44041,230.7919124,3,1.299872239,21.35873016,4.197402597,5.452380952,9.067708333
CRA05u3,Cranberry,Quebec,Quebec,u,t3,44041,N/A,0,0,21.35873016,4.197402597,5.452380952,9.067708333
CRA05u4,Cranberry,Quebec,Quebec,u,t3,44041,N/A,0,0,21.35873016,4.197402597,5.452380952,9.067708333
CAC02e1,Canola oil,Manitoba,Manitoba,e,t1,44006,262.254902,0,0,17.403125,2.5,10.49107143,15.04872782
CAC02e2,Canola oil,Manitoba,Manitoba,e,t1,44006,363.6363636,0,0,17.403125,2.5,10.49107143,15.04872782
CAC02e3,Canola oil,Manitoba,Manitoba,e,t1,44006,383.6842105,0,0,17.403125,2.5,10.49107143,15.04872782
CAC02e4,Canola oil,Manitoba,Manitoba,e,t1,44006,309,0,0,17.403125,2.5,10.49107143,15.04872782
CAC02u1,Canola oil,Manitoba,Manitoba,u,t1,44006,262.8865979,0,0,17.403125,2.5,10.49107143,15.04872782
CAC02u2,Canola oil,Manitoba,Manitoba,u,t1,44006,276.2376238,0,0,17.403125,2.5,10.49107143,15.04872782
CAC02u3,Canola oil,Manitoba,Manitoba,u,t1,44006,320.9183673,0,0,17.403125,2.5,10.49107143,15.04872782
CAC02u4,Canola oil,Manitoba,Manitoba,u,t1,44006,397.8723404,1,0.251336898,17.403125,2.5,10.49107143,15.04872782
CAC03e1,Canola oil,Manitoba,Manitoba,e,t1,44006,322.5663717,1,0.310013717,17.403125,2.5,10.49107143,15.04872782
CAC03e2,Canola oil,Manitoba,Manitoba,e,t1,44006,218.4466019,0,0,17.403125,2.5,10.49107143,15.04872782
CAC03e3,Canola oil,Manitoba,Manitoba,e,t1,44006,369.7115385,0,0,17.403125,2.5,10.49107143,15.04872782
CAC03e4,Canola oil,Manitoba,Manitoba,e,t1,44006,267.5675676,0,0,17.403125,2.5,10.49107143,15.04872782
CAC03u1,Canola oil,Manitoba,Manitoba,u,t1,44006,337.8640777,0,0,17.403125,2.5,10.49107143,15.04872782
CAC03u2,Canola oil,Manitoba,Manitoba,u,t1,44006,293.814433,0,0,17.403125,2.5,10.49107143,15.04872782
CAC03u3,Canola oil,Manitoba,Manitoba,u,t1,44006,379.0322581,0,0,17.403125,2.5,10.49107143,15.04872782
CAC03u4,Canola oil,Manitoba,Manitoba,u,t1,44006,263.2653061,0,0,17.403125,2.5,10.49107143,15.04872782
CAC02e1,Canola oil,Manitoba,Manitoba,e,t2,44028,282.3529412,0,0,22.7030303,2.88030303,9.840088813,12.39660733
CAC02e2,Canola oil,Manitoba,Manitoba,e,t2,44028,171.0280374,0,0,22.7030303,2.88030303,9.840088813,12.39660733
CAC02e3,Canola oil,Manitoba,Manitoba,e,t2,44028,250.5102041,0,0,22.7030303,2.88030303,9.840088813,12.39660733
CAC02e4,Canola oil,Manitoba,Manitoba,e,t2,44028,218.2242991,0,0,22.7030303,2.88030303,9.840088813,12.39660733
CAC02u1,Canola oil,Manitoba,Manitoba,u,t2,44028,314.2857143,0,0,22.7030303,2.88030303,9.840088813,12.39660733
CAC02u2,Canola oil,Manitoba,Manitoba,u,t2,44028,298.019802,0,0,22.7030303,2.88030303,9.840088813,12.39660733
CAC02u3,Canola oil,Manitoba,Manitoba,u,t2,44028,319.1919192,0,0,22.7030303,2.88030303,9.840088813,12.39660733
CAC02u4,Canola oil,Manitoba,Manitoba,u,t2,44028,285.3535354,0,0,22.7030303,2.88030303,9.840088813,12.39660733
CAC03e1,Canola oil,Manitoba,Manitoba,e,t2,44028,210.5769231,0,0,22.7030303,2.88030303,9.840088813,12.39660733
CAC03e2,Canola oil,Manitoba,Manitoba,e,t2,44028,262.9807692,0,0,22.7030303,2.88030303,9.840088813,12.39660733
CAC03e3,Canola oil,Manitoba,Manitoba,e,t2,44028,216.8316832,0,0,22.7030303,2.88030303,9.840088813,12.39660733
CAC03e4,Canola oil,Manitoba,Manitoba,e,t2,44028,248.4536082,0,0,22.7030303,2.88030303,9.840088813,12.39660733
CAC03u1,Canola oil,Manitoba,Manitoba,u,t2,44028,353.5353535,0,0,22.7030303,2.88030303,9.840088813,12.39660733
CAC03u2,Canola oil,Manitoba,Manitoba,u,t2,44028,311.1111111,0,0,22.7030303,2.88030303,9.840088813,12.39660733
CAC03u3,Canola oil,Manitoba,Manitoba,u,t2,44028,373.1578947,0,0,22.7030303,2.88030303,9.840088813,12.39660733
CAC03u4,Canola oil,Manitoba,Manitoba,u,t2,44028,264.7058824,0,0,22.7030303,2.88030303,9.840088813,12.39660733
CAC02e1,Canola oil,Manitoba,Manitoba,e,t3,44062,231.5789474,0,0,20.16,1.861538462,8.142998866,11.1971758
CAC02e2,Canola oil,Manitoba,Manitoba,e,t3,44062,204.9618321,0,0,20.16,1.861538462,8.142998866,11.1971758
CAC02e3,Canola oil,Manitoba,Manitoba,e,t3,44062,338.5,0,0,20.16,1.861538462,8.142998866,11.1971758
CAC02e4,Canola oil,Manitoba,Manitoba,e,t3,44062,207.1428571,0,0,20.16,1.861538462,8.142998866,11.1971758
CAC02u1,Canola oil,Manitoba,Manitoba,u,t3,44062,260.952381,0,0,20.16,1.861538462,8.142998866,11.1971758
CAC02u2,Canola oil,Manitoba,Manitoba,u,t3,44062,227.8761062,0,0,20.16,1.861538462,8.142998866,11.1971758
CAC02u3,Canola oil,Manitoba,Manitoba,u,t3,44062,209.1304348,0,0,20.16,1.861538462,8.142998866,11.1971758
CAC02u4,Canola oil,Manitoba,Manitoba,u,t3,44062,191.4414414,0,0,20.16,1.861538462,8.142998866,11.1971758
CAC03e1,Canola oil,Manitoba,Manitoba,e,t3,44062,266.9565217,0,0,20.16,1.861538462,8.142998866,11.1971758
CAC03e2,Canola oil,Manitoba,Manitoba,e,t3,44062,293.75,0,0,20.16,1.861538462,8.142998866,11.1971758
CAC03e3,Canola oil,Manitoba,Manitoba,e,t3,44062,274.5192308,3,1.092819615,20.16,1.861538462,8.142998866,11.1971758
CAC03e4,Canola oil,Manitoba,Manitoba,e,t3,44062,211.682243,0,0,20.16,1.861538462,8.142998866,11.1971758
CAC03u1,Canola oil,Manitoba,Manitoba,u,t3,44062,177.7227723,1,0.562674095,20.16,1.861538462,8.142998866,11.1971758
CAC03u2,Canola oil,Manitoba,Manitoba,u,t3,44062,257.4074074,0,0,20.16,1.861538462,8.142998866,11.1971758
CAC03u3,Canola oil,Manitoba,Manitoba,u,t3,44062,207.3529412,0,0,20.16,1.861538462,8.142998866,11.1971758
CAC03u4,Canola oil,Manitoba,Manitoba,u,t3,44062,282.3809524,0,0,20.16,1.861538462,8.142998866,11.1971758
SOY01e1,Soybean,Manitoba,Manitoba,e,t1,44004,321.2264151,0,0,17.771875,2.4125,10.8859127,15.63503735
SOY01e2,Soybean,Manitoba,Manitoba,e,t1,44004,400.5319149,0,0,17.771875,2.4125,10.8859127,15.63503735
SOY01e3,Soybean,Manitoba,Manitoba,e,t1,44004,310.2941176,0,0,17.771875,2.4125,10.8859127,15.63503735
SOY01e4,Soybean,Manitoba,Manitoba,e,t1,44004,305.3921569,0,0,17.771875,2.4125,10.8859127,15.63503735
SOY01u1,Soybean,Manitoba,Manitoba,u,t1,44014,385.483871,0,0,17.771875,2.4125,10.8859127,15.63503735
SOY01u2,Soybean,Manitoba,Manitoba,u,t1,44014,295.5445545,0,0,17.771875,2.4125,10.8859127,15.63503735
SOY01u3,Soybean,Manitoba,Manitoba,u,t1,44014,407.5471698,0,0,17.771875,2.4125,10.8859127,15.63503735
SOY01u4,Soybean,Manitoba,Manitoba,u,t1,44004,301.8867925,0,0,17.771875,2.4125,10.8859127,15.63503735
SOY02e1,Soybean,Manitoba,Manitoba,e,t1,44004,272.7722772,0,0,17.771875,2.4125,9.010062358,11.74969363
SOY02e2,Soybean,Manitoba,Manitoba,e,t1,44004,275,0,0,17.771875,2.4125,9.010062358,11.74969363
SOY02e3,Soybean,Manitoba,Manitoba,e,t1,44004,341.9354839,0,0,17.771875,2.4125,9.010062358,11.74969363
SOY02e4,Soybean,Manitoba,Manitoba,e,t1,44004,278.0952381,0,0,17.771875,2.4125,9.010062358,11.74969363
SOY02u1,Soybean,Manitoba,Manitoba,u,t1,44004,256.0606061,0,0,17.771875,2.4125,10.8859127,15.63503735
SOY02u2,Soybean,Manitoba,Manitoba,u,t1,44004,283.9622642,0,0,17.771875,2.4125,10.8859127,15.63503735
SOY02u3,Soybean,Manitoba,Manitoba,u,t1,44004,323.9583333,0,0,17.771875,2.4125,10.8859127,15.63503735
SOY02u4,Soybean,Manitoba,Manitoba,u,t1,44004,240.7216495,0,0,17.771875,2.4125,10.8859127,15.63503735
SOY03e1,Soybean,Manitoba,Manitoba,e,t1,44005,324.7474747,0,0,17.4828125,2.5,10.8859127,15.63503735
SOY03e2,Soybean,Manitoba,Manitoba,e,t1,44005,372.8723404,0,0,17.4828125,2.5,10.8859127,15.63503735
SOY03e3,Soybean,Manitoba,Manitoba,e,t1,44005,246.6019417,0,0,17.4828125,2.5,10.8859127,15.63503735
SOY03e4,Soybean,Manitoba,Manitoba,e,t1,44005,240.2061856,0,0,17.4828125,2.5,10.8859127,15.63503735
SOY03u1,Soybean,Manitoba,Manitoba,u,t1,44005,241.2844037,0,0,17.4828125,2.5,10.68948413,15.50706116
SOY03u2,Soybean,Manitoba,Manitoba,u,t1,44005,311.7117117,0,0,17.4828125,2.5,10.68948413,15.50706116
SOY03u3,Soybean,Manitoba,Manitoba,u,t1,44005,308.5,0,0,17.4828125,2.5,10.68948413,15.50706116
SOY03u4,Soybean,Manitoba,Manitoba,u,t1,44005,390.952381,0,0,17.4828125,2.5,10.68948413,15.50706116
SOY04e1,Soybean,Manitoba,Manitoba,e,t1,44005,351.0204082,0,0,17.4828125,2.5,10.68948413,15.50706116
SOY04e2,Soybean,Manitoba,Manitoba,e,t1,44005,326.9230769,0,0,17.4828125,2.5,10.68948413,15.50706116
SOY04e3,Soybean,Manitoba,Manitoba,e,t1,44005,266.1458333,0,0,17.4828125,2.5,10.68948413,15.50706116
SOY04e4,Soybean,Manitoba,Manitoba,e,t1,44005,279.7029703,0,0,17.4828125,2.5,10.68948413,15.50706116
SOY04u1,Soybean,Manitoba,Manitoba,u,t1,44005,306.3157895,0,0,17.4828125,2.5,10.68948413,15.50706116
SOY04u2,Soybean,Manitoba,Manitoba,u,t1,44005,276.2626263,0,0,17.4828125,2.5,10.68948413,15.50706116
SOY04u3,Soybean,Manitoba,Manitoba,u,t1,44005,340.625,0,0,17.4828125,2.5,10.68948413,15.50706116
SOY04u4,Soybean,Manitoba,Manitoba,u,t1,44005,368.0412371,0,0,17.4828125,2.5,10.68948413,15.50706116
SOY05e1,Soybean,Manitoba,Manitoba,e,t1,44005,235.7142857,0,0,17.4828125,2.5,10.68948413,15.50706116
SOY05e2,Soybean,Manitoba,Manitoba,e,t1,44005,261.7021277,0,0,17.4828125,2.5,10.68948413,15.50706116
SOY05e3,Soybean,Manitoba,Manitoba,e,t1,44005,346.9387755,0,0,17.4828125,2.5,10.68948413,15.50706116
SOY05e4,Soybean,Manitoba,Manitoba,e,t1,44005,398.8636364,0,0,17.4828125,2.5,10.68948413,15.50706116
SOY05u1,Soybean,Manitoba,Manitoba,u,t1,44005,369.7916667,0,0,17.4828125,2.5,10.68948413,15.50706116
SOY05u2,Soybean,Manitoba,Manitoba,u,t1,44005,301.6129032,0,0,17.4828125,2.5,10.68948413,15.50706116
SOY05u3,Soybean,Manitoba,Manitoba,u,t1,44005,356.4356436,0,0,17.4828125,2.5,10.68948413,15.50706116
SOY05u4,Soybean,Manitoba,Manitoba,u,t1,44005,276.0204082,0,0,17.4828125,2.5,10.68948413,15.50706116
SOY01e1,Soybean,Manitoba,Manitoba,e,t2,44033,256.6666667,0,0,21.60757576,2.918181818,8.548752834,11.74651157
SOY01e2,Soybean,Manitoba,Manitoba,e,t2,44033,244.6078431,0,0,21.60757576,2.918181818,8.548752834,11.74651157
SOY01e3,Soybean,Manitoba,Manitoba,e,t2,44033,232.1428571,0,0,21.60757576,2.918181818,8.548752834,11.74651157
SOY01e4,Soybean,Manitoba,Manitoba,e,t2,44033,231.4285714,0,0,21.60757576,2.918181818,8.548752834,11.74651157
SOY01u1,Soybean,Manitoba,Manitoba,u,t2,44033,274.0566038,0,0,21.60757576,2.918181818,8.548752834,11.74651157
SOY01u2,Soybean,Manitoba,Manitoba,u,t2,44033,322.8723404,0,0,21.60757576,2.918181818,8.548752834,11.74651157
SOY01u3,Soybean,Manitoba,Manitoba,u,t2,44033,344.3925234,0,0,21.60757576,2.918181818,8.548752834,11.74651157
SOY01u4,Soybean,Manitoba,Manitoba,u,t2,44033,279.2079208,0,0,21.60757576,2.918181818,8.548752834,11.74651157
SOY02e1,Soybean,Manitoba,Manitoba,e,t2,44032,183.1632653,0,0,21.91212121,2.918181818,9.010062358,11.74969363
SOY02e2,Soybean,Manitoba,Manitoba,e,t2,44032,264.0776699,0,0,21.91212121,2.918181818,9.010062358,11.74969363
SOY02e3,Soybean,Manitoba,Manitoba,e,t2,44032,258.2474227,0,0,21.91212121,2.918181818,9.010062358,11.74969363
SOY02e4,Soybean,Manitoba,Manitoba,e,t2,44032,256.3157895,1,0.390143737,21.91212121,2.918181818,9.010062358,11.74969363
SOY02u1,Soybean,Manitoba,Manitoba,u,t2,44032,349.5283019,0,0,21.625,2.031818182,10.90086451,15.04818111
SOY02u2,Soybean,Manitoba,Manitoba,u,t2,44032,385.5670103,0,0,21.625,2.031818182,10.90086451,15.04818111
SOY02u3,Soybean,Manitoba,Manitoba,u,t2,44032,387.9120879,0,0,21.625,2.031818182,10.90086451,15.04818111
SOY02u4,Soybean,Manitoba,Manitoba,u,t2,44032,316.6666667,0,0,21.625,2.031818182,10.90086451,15.04818111
SOY03e1,Soybean,Manitoba,Manitoba,e,t2,44033,264.953271,0,0,21.60757576,2.918181818,8.548752834,11.74651157
SOY03e2,Soybean,Manitoba,Manitoba,e,t2,44033,250,0,0,21.60757576,2.918181818,8.548752834,11.74651157
SOY03e3,Soybean,Manitoba,Manitoba,e,t2,44033,225.4545455,0,0,21.60757576,2.918181818,8.548752834,11.74651157
SOY03e4,Soybean,Manitoba,Manitoba,e,t2,44033,248.6486486,0,0,21.60757576,2.918181818,8.548752834,11.74651157
SOY03u1,Soybean,Manitoba,Manitoba,u,t2,44033,253.9473684,0,0,21.60757576,2.918181818,8.548752834,11.74651157
SOY03u2,Soybean,Manitoba,Manitoba,u,t2,44033,359.4059406,0,0,21.60757576,2.918181818,8.548752834,11.74651157
SOY03u3,Soybean,Manitoba,Manitoba,u,t2,44033,298.1132075,0,0,21.60757576,2.918181818,8.548752834,11.74651157
SOY03u4,Soybean,Manitoba,Manitoba,u,t2,44033,244.0909091,0,0,21.60757576,2.918181818,8.548752834,11.74651157
SOY04e1,Soybean,Manitoba,Manitoba,e,t2,44033,272.6415094,0,0,21.60757576,2.918181818,8.548752834,11.74651157
SOY04e2,Soybean,Manitoba,Manitoba,e,t2,44033,178.7037037,0,0,21.60757576,2.918181818,8.548752834,11.74651157
SOY04e3,Soybean,Manitoba,Manitoba,e,t2,44033,240.2777778,0,0,21.60757576,2.918181818,8.548752834,11.74651157
SOY04e4,Soybean,Manitoba,Manitoba,e,t2,44033,241.3265306,0,0,21.60757576,2.918181818,8.548752834,11.74651157
SOY04u1,Soybean,Manitoba,Manitoba,u,t2,44033,336.5740741,0,0,21.60757576,2.918181818,8.548752834,11.74651157
SOY04u2,Soybean,Manitoba,Manitoba,u,t2,44033,308.7378641,0,0,21.60757576,2.918181818,8.548752834,11.74651157
SOY04u3,Soybean,Manitoba,Manitoba,u,t2,44033,364.6226415,0,0,21.60757576,2.918181818,8.548752834,11.74651157
SOY04u4,Soybean,Manitoba,Manitoba,u,t2,44033,314.0776699,0,0,21.60757576,2.918181818,8.548752834,11.74651157
SOY05e1,Soybean,Manitoba,Manitoba,e,t2,44032,223.6607143,0,0,21.91212121,2.918181818,9.010062358,11.74969363
SOY05e2,Soybean,Manitoba,Manitoba,e,t2,44032,229.3269231,0,0,21.91212121,2.918181818,9.010062358,11.74969363
SOY05e3,Soybean,Manitoba,Manitoba,e,t2,44032,258.0188679,0,0,21.91212121,2.918181818,9.010062358,11.74969363
SOY05e4,Soybean,Manitoba,Manitoba,e,t2,44032,192.2330097,0,0,21.91212121,2.918181818,9.010062358,11.74969363
SOY05u1,Soybean,Manitoba,Manitoba,u,t2,44032,213.4782609,0,0,21.91212121,2.918181818,9.010062358,11.74969363
SOY05u2,Soybean,Manitoba,Manitoba,u,t2,44032,206.3559322,0,0,21.91212121,2.918181818,9.010062358,11.74969363
SOY05u3,Soybean,Manitoba,Manitoba,u,t2,44032,240.1709402,0,0,21.91212121,2.918181818,9.010062358,11.74969363
SOY05u4,Soybean,Manitoba,Manitoba,u,t2,44032,207.2072072,0,0,21.91212121,2.918181818,9.010062358,11.74969363
SOY01e1,Soybean,Manitoba,Manitoba,e,t3,44062,200.4464286,0,0,20.16,1.861538462,8.142998866,11.1971758
SOY01e2,Soybean,Manitoba,Manitoba,e,t3,44062,254.4117647,0,0,20.16,1.861538462,8.142998866,11.1971758
SOY01e3,Soybean,Manitoba,Manitoba,e,t3,44062,219.4174757,0,0,20.16,1.861538462,8.142998866,11.1971758
SOY01e4,Soybean,Manitoba,Manitoba,e,t3,44062,249.5098039,0,0,20.16,1.861538462,8.142998866,11.1971758
SOY01u1,Soybean,Manitoba,Manitoba,u,t3,44062,213.2075472,0,0,20.16,1.861538462,8.142998866,11.1971758
SOY01u2,Soybean,Manitoba,Manitoba,u,t3,44062,312.3809524,0,0,20.16,1.861538462,8.142998866,11.1971758
SOY01u3,Soybean,Manitoba,Manitoba,u,t3,44062,233.9622642,0,0,20.16,1.861538462,8.142998866,11.1971758
SOY01u4,Soybean,Manitoba,Manitoba,u,t3,44062,285.6435644,0,0,20.16,1.861538462,8.142998866,11.1971758
SOY02e1,Soybean,Manitoba,Manitoba,e,t3,44057,240.3061224,0,0,20.70461538,1.690769231,8.057681406,11.56696747
SOY02e2,Soybean,Manitoba,Manitoba,e,t3,44057,212.9807692,0,0,20.70461538,1.690769231,8.057681406,11.56696747
SOY02e3,Soybean,Manitoba,Manitoba,e,t3,44057,262.3655914,0,0,20.70461538,1.690769231,8.057681406,11.56696747
SOY02e4,Soybean,Manitoba,Manitoba,e,t3,44057,267.9245283,0,0,20.70461538,1.690769231,8.057681406,11.56696747
SOY02u1,Soybean,Manitoba,Manitoba,u,t3,44057,348.4042553,0,0,20.70227273,3.211363636,10.08567177,14.18262868
SOY02u2,Soybean,Manitoba,Manitoba,u,t3,44057,248.4693878,0,0,20.70227273,3.211363636,10.08567177,14.18262868
SOY02u3,Soybean,Manitoba,Manitoba,u,t3,44057,320.3125,0,0,20.70227273,3.211363636,10.08567177,14.18262868
SOY02u4,Soybean,Manitoba,Manitoba,u,t3,44057,304.5,0,0,20.70227273,3.211363636,10.08567177,14.18262868
SOY03e1,Soybean,Manitoba,Manitoba,e,t3,44061,246.1538462,0,0,19.89384615,1.803076923,7.75212585,10.86488414
SOY03e2,Soybean,Manitoba,Manitoba,e,t3,44061,244.0366972,0,0,19.89384615,1.803076923,7.75212585,10.86488414
SOY03e3,Soybean,Manitoba,Manitoba,e,t3,44061,207.6576577,0,0,19.89384615,1.803076923,7.75212585,10.86488414
SOY03e4,Soybean,Manitoba,Manitoba,e,t3,44061,259,0,0,19.89384615,1.803076923,7.75212585,10.86488414
SOY03u1,Soybean,Manitoba,Manitoba,u,t3,44062,265.0442478,0,0,20.16,1.861538462,8.142998866,11.1971758
SOY03u2,Soybean,Manitoba,Manitoba,u,t3,44062,263.5,3,1.138519924,20.16,1.861538462,8.142998866,11.1971758
SOY03u3,Soybean,Manitoba,Manitoba,u,t3,44062,262.1495327,0,0,20.16,1.861538462,8.142998866,11.1971758
SOY03u4,Soybean,Manitoba,Manitoba,u,t3,44062,210.5263158,2,0.95,20.16,1.861538462,8.142998866,11.1971758
SOY04e1,Soybean,Manitoba,Manitoba,e,t3,44057,284.375,0,0,20.70461538,1.690769231,8.057681406,11.56696747
SOY04e2,Soybean,Manitoba,Manitoba,e,t3,44057,271.0784314,0,0,20.70461538,1.690769231,8.057681406,11.56696747
SOY04e3,Soybean,Manitoba,Manitoba,e,t3,44057,263.2653061,0,0,20.70461538,1.690769231,8.057681406,11.56696747
SOY04e4,Soybean,Manitoba,Manitoba,e,t3,44057,230.5555556,0,0,20.70461538,1.690769231,8.057681406,11.56696747
SOY04u1,Soybean,Manitoba,Manitoba,u,t3,44057,300.952381,0,0,20.70461538,1.690769231,8.057681406,11.56696747
SOY04u2,Soybean,Manitoba,Manitoba,u,t3,44057,332.4742268,0,0,20.70461538,1.690769231,8.057681406,11.56696747
SOY04u3,Soybean,Manitoba,Manitoba,u,t3,44057,319.0721649,0,0,20.70461538,1.690769231,8.057681406,11.56696747
SOY04u4,Soybean,Manitoba,Manitoba,u,t3,44057,268.6170213,0,0,20.70461538,1.690769231,8.057681406,11.56696747
SOY05e1,Soybean,Manitoba,Manitoba,e,t3,44061,274.537037,0,0,19.89384615,1.803076923,7.75212585,10.86488414
SOY05e2,Soybean,Manitoba,Manitoba,e,t3,44061,243.6893204,0,0,19.89384615,1.803076923,7.75212585,10.86488414
SOY05e3,Soybean,Manitoba,Manitoba,e,t3,44061,256.9444444,0,0,19.89384615,1.803076923,7.75212585,10.86488414
SOY05e4,Soybean,Manitoba,Manitoba,e,t3,44061,210.1941748,0,0,19.89384615,1.803076923,7.75212585,10.86488414
SOY05u1,Soybean,Manitoba,Manitoba,u,t3,44061,259.7222222,1,0.385026738,19.89384615,1.803076923,7.75212585,10.86488414
SOY05u2,Soybean,Manitoba,Manitoba,u,t3,44061,293.4782609,0,0,19.89384615,1.803076923,7.75212585,10.86488414
SOY05u3,Soybean,Manitoba,Manitoba,u,t3,44061,350,0,0,19.89384615,1.803076923,7.75212585,10.86488414
SOY05u4,Soybean,Manitoba,Manitoba,u,t3,44061,294.9074074,0,0,19.89384615,1.803076923,7.75212585,10.86488414
CAC01e1,Canola oil,Alberta,Southern Alberta,e,t1,44006,284.7014925,0,0,14.31212121,2.259375,16.90901361,19.03919068
CAC01e2,Canola oil,Alberta,Southern Alberta,e,t1,44006,315.9144893,0,0,14.31212121,2.259375,16.90901361,19.03919068
CAC01e3,Canola oil,Alberta,Southern Alberta,e,t1,44006,244.6820175,0,0,14.31212121,2.259375,16.90901361,19.03919068
CAC01e4,Canola oil,Alberta,Southern Alberta,e,t1,44006,286.9965478,0,0,14.31212121,2.259375,16.90901361,19.03919068
CAC01u1,Canola oil,Alberta,Southern Alberta,u,t1,44006,254.4262295,0,0,14.31212121,2.259375,16.90901361,19.03919068
CAC01u2,Canola oil,Alberta,Southern Alberta,u,t1,44006,253.5204082,0,0,14.31212121,2.259375,16.90901361,19.03919068
CAC01u3,Canola oil,Alberta,Southern Alberta,u,t1,44006,290.4411765,0,0,14.31212121,2.259375,16.90901361,19.03919068
CAC01u4,Canola oil,Alberta,Southern Alberta,u,t1,44006,282.0175439,0,0,14.31212121,2.259375,16.90901361,19.03919068
CAC01e1,Canola oil,Alberta,Southern Alberta,e,t2,44025,294.0935673,0,0,15.46515152,6.08627451,15.11765873,17.38992057
CAC01e2,Canola oil,Alberta,Southern Alberta,e,t2,44025,207.0491803,0,0,15.46515152,6.08627451,15.11765873,17.38992057
CAC01e3,Canola oil,Alberta,Southern Alberta,e,t2,44025,223.0167015,0,0,15.46515152,6.08627451,15.11765873,17.38992057
CAC01e4,Canola oil,Alberta,Southern Alberta,e,t2,44025,253.8925439,0,0,15.46515152,6.08627451,15.11765873,17.38992057
CAC01u1,Canola oil,Alberta,Southern Alberta,u,t2,44025,289.5096921,0,0,15.46515152,6.08627451,15.11765873,17.38992057
CAC01u2,Canola oil,Alberta,Southern Alberta,u,t2,44025,279.4926004,0,0,15.46515152,6.08627451,15.11765873,17.38992057
CAC01u3,Canola oil,Alberta,Southern Alberta,u,t2,44025,201.6489362,0,0,15.46515152,6.08627451,15.11765873,17.38992057
CAC01u4,Canola oil,Alberta,Southern Alberta,u,t2,44025,259.4563986,0,0,15.46515152,6.08627451,15.11765873,17.38992057
CAC01e1,Canola oil,Alberta,Southern Alberta,e,t3,44040,280.2800467,0,0,16.77878788,0.796078431,11.73333333,13.62734594
CAC01e2,Canola oil,Alberta,Southern Alberta,e,t3,44040,274.9169435,0,0,16.77878788,0.796078431,11.73333333,13.62734594
CAC01e3,Canola oil,Alberta,Southern Alberta,e,t3,44040,167.9141717,0,0,16.77878788,0.796078431,11.73333333,13.62734594
CAC01e4,Canola oil,Alberta,Southern Alberta,e,t3,44040,268.3461117,0,0,16.77878788,0.796078431,11.73333333,13.62734594
CAC01u1,Canola oil,Alberta,Southern Alberta,u,t3,44040,260.104712,0,0,16.77878788,0.796078431,11.73333333,13.62734594
CAC01u2,Canola oil,Alberta,Southern Alberta,u,t3,44040,273.1171548,0,0,16.77878788,0.796078431,11.73333333,13.62734594
CAC01u3,Canola oil,Alberta,Southern Alberta,u,t3,44040,182.3714586,0,0,16.77878788,0.796078431,11.73333333,13.62734594
CAC01u4,Canola oil,Alberta,Southern Alberta,u,t3,44040,183.0131446,0,0,16.77878788,0.796078431,11.73333333,13.62734594
CAS01e1,Canola seed,Alberta,Southern Alberta,e,t1,44005,263.7061404,0,0,14.1469697,2.0234375,17.53401361,19.46266006
CAS01e2,Canola seed,Alberta,Southern Alberta,e,t1,44005,256.4814815,0,0,14.1469697,2.0234375,17.53401361,19.46266006
CAS01e3,Canola seed,Alberta,Southern Alberta,e,t1,44005,286.2068966,0,0,14.1469697,2.0234375,17.53401361,19.46266006
CAS01e4,Canola seed,Alberta,Southern Alberta,e,t1,44005,258.3061889,0,0,14.1469697,2.0234375,17.53401361,19.46266006
CAS01u1,Canola seed,Alberta,Southern Alberta,u,t1,44005,261.9221411,0,0,14.1469697,2.0234375,17.53401361,19.46266006
CAS01u2,Canola seed,Alberta,Southern Alberta,u,t1,44005,262.7388535,0,0,14.1469697,2.0234375,17.53401361,19.46266006
CAS01u3,Canola seed,Alberta,Southern Alberta,u,t1,44005,196.1538462,0,0,14.1469697,2.0234375,17.53401361,19.46266006
CAS01u4,Canola seed,Alberta,Southern Alberta,u,t1,44005,230.0445931,0,0,14.1469697,2.0234375,17.53401361,19.46266006
CAS02e1,Canola seed,Alberta,Southern Alberta,e,t1,44005,250.4158004,0,0,14.1469697,2.0234375,17.53401361,19.46266006
CAS02e2,Canola seed,Alberta,Southern Alberta,e,t1,44005,223.1422505,0,0,14.1469697,2.0234375,17.53401361,19.46266006
CAS02e3,Canola seed,Alberta,Southern Alberta,e,t1,44005,186.1863489,0,0,14.1469697,2.0234375,17.53401361,19.46266006
CAS02e4,Canola seed,Alberta,Southern Alberta,e,t1,44005,238.7609649,0,0,14.1469697,2.0234375,17.53401361,19.46266006
CAS02u1,Canola seed,Alberta,Southern Alberta,u,t1,44005,317.6789588,0,0,14.1469697,2.0234375,17.53401361,19.46266006
CAS02u2,Canola seed,Alberta,Southern Alberta,u,t1,44005,217.357002,0,0,14.1469697,2.0234375,17.53401361,19.46266006
CAS02u3,Canola seed,Alberta,Southern Alberta,u,t1,44005,294.0437158,0,0,14.1469697,2.0234375,17.53401361,19.46266006
CAS02u4,Canola seed,Alberta,Southern Alberta,u,t1,44005,252.0763187,0,0,14.1469697,2.0234375,17.53401361,19.46266006
CAS03e1,Canola seed,Alberta,Southern Alberta,e,t1,44005,242.6659529,0,0,14.1469697,2.0234375,17.53401361,19.46266006
CAS03e2,Canola seed,Alberta,Southern Alberta,e,t1,44005,275.4846066,0,0,14.1469697,2.0234375,17.53401361,19.46266006
CAS03e3,Canola seed,Alberta,Southern Alberta,e,t1,44005,265.4586636,0,0,14.1469697,2.0234375,17.53401361,19.46266006
CAS03e4,Canola seed,Alberta,Southern Alberta,e,t1,44005,334.0804598,0,0,14.1469697,2.0234375,17.53401361,19.46266006
CAS03u1,Canola seed,Alberta,Southern Alberta,u,t1,44005,280.1369863,0,0,14.1469697,2.0234375,17.53401361,19.46266006
CAS03u2,Canola seed,Alberta,Southern Alberta,u,t1,44005,229.9192735,0,0,14.1469697,2.0234375,17.53401361,19.46266006
CAS03u3,Canola seed,Alberta,Southern Alberta,u,t1,44005,215.6217346,0,0,14.1469697,2.0234375,17.53401361,19.46266006
CAS03u4,Canola seed,Alberta,Southern Alberta,u,t1,44005,228.1526549,0,0,14.1469697,2.0234375,17.53401361,19.46266006
CAS04e1,Canola seed,Alberta,Southern Alberta,e,t1,44005,260.5208333,0,0,14.1469697,2.0234375,17.53401361,19.46266006
CAS04e2,Canola seed,Alberta,Southern Alberta,e,t1,44005,231.0344828,0,0,14.1469697,2.0234375,17.53401361,19.46266006
CAS04e3,Canola seed,Alberta,Southern Alberta,e,t1,44005,217.0824295,0,0,14.1469697,2.0234375,17.53401361,19.46266006
CAS04e4,Canola seed,Alberta,Southern Alberta,e,t1,44005,202.5187567,0,0,14.1469697,2.0234375,17.53401361,19.46266006
CAS04u1,Canola seed,Alberta,Southern Alberta,u,t1,44005,255.4114994,0,0,14.1469697,2.0234375,17.53401361,19.46266006
CAS04u2,Canola seed,Alberta,Southern Alberta,u,t1,44005,261.8141097,0,0,14.1469697,2.0234375,17.53401361,19.46266006
CAS04u3,Canola seed,Alberta,Southern Alberta,u,t1,44005,256.1266874,0,0,14.1469697,2.0234375,17.53401361,19.46266006
CAS04u4,Canola seed,Alberta,Southern Alberta,u,t1,44005,277.5287356,0,0,14.1469697,2.0234375,17.53401361,19.46266006
CAS05e1,Canola seed,Alberta,Southern Alberta,e,t1,44006,295.5882353,0,0,14.31212121,2.259375,17.53401361,19.46266006
CAS05e2,Canola seed,Alberta,Southern Alberta,e,t1,44006,242.4097665,0,0,14.31212121,2.259375,17.53401361,19.46266006
CAS05e3,Canola seed,Alberta,Southern Alberta,e,t1,44006,244.9246231,0,0,14.31212121,2.259375,17.53401361,19.46266006
CAS05e4,Canola seed,Alberta,Southern Alberta,e,t1,44006,239.9568035,0,0,14.31212121,2.259375,17.53401361,19.46266006
CAS05u1,Canola seed,Alberta,Southern Alberta,u,t1,44006,273.6438679,0,0,14.31212121,2.259375,17.53401361,19.46266006
CAS05u2,Canola seed,Alberta,Southern Alberta,u,t1,44006,274.4994111,0,0,14.31212121,2.259375,17.53401361,19.46266006
CAS05u3,Canola seed,Alberta,Southern Alberta,u,t1,44006,231.6316316,0,0,14.31212121,2.259375,17.53401361,19.46266006
CAS05u4,Canola seed,Alberta,Southern Alberta,u,t1,44006,229.9672489,0,0,14.31212121,2.259375,17.53401361,19.46266006
CAS01e1,Canola seed,Alberta,Southern Alberta,e,t2,44033,190.4288703,0,0,16.875,2.0453125,13.05314626,13.87522059
CAS01e2,Canola seed,Alberta,Southern Alberta,e,t2,44033,166.9871795,0,0,16.875,2.0453125,13.05314626,13.87522059
CAS01e3,Canola seed,Alberta,Southern Alberta,e,t2,44033,220.7941484,0,0,16.875,2.0453125,13.05314626,13.87522059
CAS01e4,Canola seed,Alberta,Southern Alberta,e,t2,44033,309.4689379,0,0,16.875,2.0453125,13.05314626,13.87522059
CAS01u1,Canola seed,Alberta,Southern Alberta,u,t2,44026,230.7649667,0,0,16.75795455,3.4703125,15.26306689,16.3745743
CAS01u2,Canola seed,Alberta,Southern Alberta,u,t2,44026,239.6875,0,0,16.75795455,3.4703125,15.26306689,16.3745743
CAS01u3,Canola seed,Alberta,Southern Alberta,u,t2,44026,239.7714286,0,0,16.75795455,3.4703125,15.26306689,16.3745743
CAS01u4,Canola seed,Alberta,Southern Alberta,u,t2,44026,262.6240353,0,0,16.75795455,3.4703125,15.26306689,16.3745743
CAS02e1,Canola seed,Alberta,Southern Alberta,e,t2,44033,243.368984,0,0,16.875,2.0453125,13.05314626,13.87522059
CAS02e2,Canola seed,Alberta,Southern Alberta,e,t2,44033,251.1099366,0,0,16.875,2.0453125,13.05314626,13.87522059
CAS02e3,Canola seed,Alberta,Southern Alberta,e,t2,44033,296.1046512,0,0,16.875,2.0453125,13.05314626,13.87522059
CAS02e4,Canola seed,Alberta,Southern Alberta,e,t2,44033,258.216971,0,0,16.875,2.0453125,13.05314626,13.87522059
CAS02u1,Canola seed,Alberta,Southern Alberta,u,t2,44026,239.6226415,0,0,16.75795455,3.4703125,15.26306689,16.3745743
CAS02u2,Canola seed,Alberta,Southern Alberta,u,t2,44026,220.3050524,0,0,16.75795455,3.4703125,15.26306689,16.3745743
CAS02u3,Canola seed,Alberta,Southern Alberta,u,t2,44026,243.452381,0,0,16.75795455,3.4703125,15.26306689,16.3745743
CAS02u4,Canola seed,Alberta,Southern Alberta,u,t2,44026,262.0616366,0,0,16.75795455,3.4703125,15.26306689,16.3745743
CAS03e1,Canola seed,Alberta,Southern Alberta,e,t2,44026,255.09684,0,0,16.75795455,3.4703125,15.26306689,16.3745743
CAS03e2,Canola seed,Alberta,Southern Alberta,e,t2,44026,257.9318449,0,0,16.75795455,3.4703125,15.26306689,16.3745743
CAS03e3,Canola seed,Alberta,Southern Alberta,e,t2,44026,264.1176471,0,0,16.75795455,3.4703125,15.26306689,16.3745743
CAS03e4,Canola seed,Alberta,Southern Alberta,e,t2,44026,250.2983294,0,0,16.75795455,3.4703125,15.26306689,16.3745743
CAS03u1,Canola seed,Alberta,Southern Alberta,u,t2,44033,245.0959488,0,0,16.875,2.0453125,13.05314626,13.87522059
CAS03u2,Canola seed,Alberta,Southern Alberta,u,t2,44033,238.2224646,0,0,16.875,2.0453125,13.05314626,13.87522059
CAS03u3,Canola seed,Alberta,Southern Alberta,u,t2,44033,283.0121704,1,0.353341695,16.875,2.0453125,13.05314626,13.87522059
CAS03u4,Canola seed,Alberta,Southern Alberta,u,t2,44033,191.6929548,0,0,16.875,2.0453125,13.05314626,13.87522059
CAS04e1,Canola seed,Alberta,Southern Alberta,e,t2,44026,247.7224576,0,0,16.75795455,3.4703125,15.26306689,16.3745743
CAS04e2,Canola seed,Alberta,Southern Alberta,e,t2,44026,273.6096537,0,0,16.75795455,3.4703125,15.26306689,16.3745743
CAS04e3,Canola seed,Alberta,Southern Alberta,e,t2,44026,266.7021277,0,0,16.75795455,3.4703125,15.26306689,16.3745743
CAS04e4,Canola seed,Alberta,Southern Alberta,e,t2,44026,237.5799574,0,0,16.75795455,3.4703125,15.26306689,16.3745743
CAS04u1,Canola seed,Alberta,Southern Alberta,u,t2,44033,236.0244989,0,0,16.875,2.0453125,13.05314626,13.87522059
CAS04u2,Canola seed,Alberta,Southern Alberta,u,t2,44033,205.0108932,0,0,16.875,2.0453125,13.05314626,13.87522059
CAS04u3,Canola seed,Alberta,Southern Alberta,u,t2,44033,218.8428875,0,0,16.875,2.0453125,13.05314626,13.87522059
CAS04u4,Canola seed,Alberta,Southern Alberta,u,t2,44033,250.855615,0,0,16.875,2.0453125,13.05314626,13.87522059
CAS05e1,Canola seed,Alberta,Southern Alberta,e,t2,44033,283.2073434,0,0,16.875,2.0453125,13.05314626,13.87522059
CAS05e2,Canola seed,Alberta,Southern Alberta,e,t2,44033,258.6659664,0,0,16.875,2.0453125,13.05314626,13.87522059
CAS05e3,Canola seed,Alberta,Southern Alberta,e,t2,44033,186.2318841,0,0,16.875,2.0453125,13.05314626,13.87522059
CAS05e4,Canola seed,Alberta,Southern Alberta,e,t2,44033,184.9843587,1,0.540586246,16.875,2.0453125,13.05314626,13.87522059
CAS05u1,Canola seed,Alberta,Southern Alberta,u,t2,44033,261.9631902,0,0,16.875,2.0453125,13.05314626,13.87522059
CAS05u2,Canola seed,Alberta,Southern Alberta,u,t2,44033,219.9799197,0,0,16.875,2.0453125,13.05314626,13.87522059
CAS05u3,Canola seed,Alberta,Southern Alberta,u,t2,44033,167.8677196,2,1.19141429,16.875,2.0453125,13.05314626,13.87522059
CAS05u4,Canola seed,Alberta,Southern Alberta,u,t2,44033,220.4301075,0,0,16.875,2.0453125,13.05314626,13.87522059
CAS01e1,Canola seed,Alberta,Southern Alberta,e,t3,44041,140.605428,0,0,18.53977273,0.704761905,11.52857143,12.35119048
CAS01e2,Canola seed,Alberta,Southern Alberta,e,t3,44041,248.7958115,0,0,18.53977273,0.704761905,11.52857143,12.35119048
CAS01e3,Canola seed,Alberta,Southern Alberta,e,t3,44041,245.1787649,0,0,18.53977273,0.704761905,11.52857143,12.35119048
CAS01e4,Canola seed,Alberta,Southern Alberta,e,t3,44041,259.6471885,0,0,18.53977273,0.704761905,11.52857143,12.35119048
CAS01u1,Canola seed,Alberta,Southern Alberta,u,t3,44043,221.641791,0,0,19.18181818,0.411290323,11.49404762,12.44583333
CAS01u2,Canola seed,Alberta,Southern Alberta,u,t3,44043,261.0160428,0,0,19.18181818,0.411290323,11.49404762,12.44583333
CAS01u3,Canola seed,Alberta,Southern Alberta,u,t3,44043,181.1196487,0,0,19.18181818,0.411290323,11.49404762,12.44583333
CAS01u4,Canola seed,Alberta,Southern Alberta,u,t3,44043,211.4798694,0,0,19.18181818,0.411290323,11.49404762,12.44583333
CAS02e1,Canola seed,Alberta,Southern Alberta,e,t3,44042,268.4008762,0,0,18.88068182,0.417460317,11.54047619,12.44345238
CAS02e2,Canola seed,Alberta,Southern Alberta,e,t3,44042,222.4683544,1,0.449502134,18.88068182,0.417460317,11.54047619,12.44345238
CAS02e3,Canola seed,Alberta,Southern Alberta,e,t3,44042,220.4812834,0,0,18.88068182,0.417460317,11.54047619,12.44345238
CAS02e4,Canola seed,Alberta,Southern Alberta,e,t3,44042,210.1814516,0,0,18.88068182,0.417460317,11.54047619,12.44345238
CAS02u1,Canola seed,Alberta,Southern Alberta,u,t3,44042,260.3467562,0,0,18.88068182,0.417460317,11.54047619,12.44345238
CAS02u2,Canola seed,Alberta,Southern Alberta,u,t3,44042,178.9609053,0,0,18.88068182,0.417460317,11.54047619,12.44345238
CAS02u3,Canola seed,Alberta,Southern Alberta,u,t3,44042,278.6338798,0,0,18.88068182,0.417460317,11.54047619,12.44345238
CAS02u4,Canola seed,Alberta,Southern Alberta,u,t3,44042,263.8382688,0,0,18.88068182,0.417460317,11.54047619,12.44345238
CAS03e1,Canola seed,Alberta,Southern Alberta,e,t3,44042,209.8989899,0,0,18.88068182,0.417460317,11.54047619,12.44345238
CAS03e2,Canola seed,Alberta,Southern Alberta,e,t3,44042,191.5154749,0,0,18.88068182,0.417460317,11.54047619,12.44345238
CAS03e3,Canola seed,Alberta,Southern Alberta,e,t3,44042,281.2431843,0,0,18.88068182,0.417460317,11.54047619,12.44345238
CAS03e4,Canola seed,Alberta,Southern Alberta,e,t3,44042,276.5531062,0,0,18.88068182,0.417460317,11.54047619,12.44345238
CAS03u1,Canola seed,Alberta,Southern Alberta,u,t3,44042,225.4329004,0,0,18.88068182,0.417460317,11.54047619,12.44345238
CAS03u2,Canola seed,Alberta,Southern Alberta,u,t3,44042,223.3896515,0,0,18.88068182,0.417460317,11.54047619,12.44345238
CAS03u3,Canola seed,Alberta,Southern Alberta,u,t3,44042,181.4114391,0,0,18.88068182,0.417460317,11.54047619,12.44345238
CAS03u4,Canola seed,Alberta,Southern Alberta,u,t3,44042,215.6820623,0,0,18.88068182,0.417460317,11.54047619,12.44345238
CAS04e1,Canola seed,Alberta,Southern Alberta,e,t3,44043,176.0162602,0,0,18.53977273,0.704761905,11.52857143,12.35119048
CAS04e2,Canola seed,Alberta,Southern Alberta,e,t3,44043,230.5639476,0,0,18.53977273,0.704761905,11.52857143,12.35119048
CAS04e3,Canola seed,Alberta,Southern Alberta,e,t3,44043,239.2364793,0,0,18.53977273,0.704761905,11.52857143,12.35119048
CAS04e4,Canola seed,Alberta,Southern Alberta,e,t3,44043,198.5263158,0,0,18.53977273,0.704761905,11.52857143,12.35119048
CAS04u1,Canola seed,Alberta,Southern Alberta,u,t3,44041,255.2364865,0,0,19.18181818,0.411290323,11.49404762,12.44583333
CAS04u2,Canola seed,Alberta,Southern Alberta,u,t3,44041,216.7938931,0,0,19.18181818,0.411290323,11.49404762,12.44583333
CAS04u3,Canola seed,Alberta,Southern Alberta,u,t3,44041,256.1833689,0,0,19.18181818,0.411290323,11.49404762,12.44583333
CAS04u4,Canola seed,Alberta,Southern Alberta,u,t3,44041,236.0841424,0,0,19.18181818,0.411290323,11.49404762,12.44583333
CAS05e1,Canola seed,Alberta,Southern Alberta,e,t3,44041,275.1345533,0,0,18.53977273,0.704761905,11.52857143,12.35119048
CAS05e2,Canola seed,Alberta,Southern Alberta,e,t3,44041,286.2625139,0,0,18.53977273,0.704761905,11.52857143,12.35119048
CAS05e3,Canola seed,Alberta,Southern Alberta,e,t3,44041,212.290227,0,0,18.53977273,0.704761905,11.52857143,12.35119048
CAS05e4,Canola seed,Alberta,Southern Alberta,e,t3,44041,199.8925886,0,0,18.53977273,0.704761905,11.52857143,12.35119048
CAS05u1,Canola seed,Alberta,Southern Alberta,u,t3,44041,196.6915688,0,0,18.53977273,0.704761905,11.52857143,12.35119048
CAS05u2,Canola seed,Alberta,Southern Alberta,u,t3,44041,207.6725026,0,0,18.53977273,0.704761905,11.52857143,12.35119048
CAS05u3,Canola seed,Alberta,Southern Alberta,u,t3,44041,229.4466403,0,0,18.53977273,0.704761905,11.52857143,12.35119048
CAS05u4,Canola seed,Alberta,Southern Alberta,u,t3,44041,196.4141414,0,0,18.53977273,0.704761905,11.52857143,12.35119048
CAC04e1,Canola oil,Alberta,Northern Alberta,e,t1,44019,300,2,0.666666667,14.65287356,3.621590909,9.962195295,14.21381579
CAC04e2,Canola oil,Alberta,Northern Alberta,e,t1,44019,300,1,0.333333333,14.65287356,3.621590909,9.962195295,14.21381579
CAC04e3,Canola oil,Alberta,Northern Alberta,e,t1,44019,300,0,0,14.65287356,3.621590909,9.962195295,14.21381579
CAC04e4,Canola oil,Alberta,Northern Alberta,e,t1,44019,300,0,0,14.65287356,3.621590909,9.962195295,14.21381579
CAC04u1,Canola oil,Alberta,Northern Alberta,u,t1,44019,300,0,0,14.65287356,3.621590909,9.962195295,14.21381579
CAC04u2,Canola oil,Alberta,Northern Alberta,u,t1,44019,300,0,0,14.65287356,3.621590909,9.962195295,14.21381579
CAC04u3,Canola oil,Alberta,Northern Alberta,u,t1,44019,300,2,0.666666667,14.65287356,3.621590909,9.962195295,14.21381579
CAC04u4,Canola oil,Alberta,Northern Alberta,u,t1,44019,300,0,0,14.65287356,3.621590909,9.962195295,14.21381579
CAC05e1,Canola oil,Alberta,Northern Alberta,e,t1,44019,272,1,0.367647059,14.65287356,3.621590909,9.962195295,14.21381579
CAC05e2,Canola oil,Alberta,Northern Alberta,e,t1,44019,300,0,0,14.65287356,3.621590909,9.962195295,14.21381579
CAC05e3,Canola oil,Alberta,Northern Alberta,e,t1,44019,300,0,0,14.65287356,3.621590909,9.962195295,14.21381579
CAC05e4,Canola oil,Alberta,Northern Alberta,e,t1,44019,300,1,0.333333333,14.65287356,3.621590909,9.962195295,14.21381579
CAC05u1,Canola oil,Alberta,Northern Alberta,u,t1,44019,300,0,0,14.65287356,3.621590909,9.962195295,14.21381579
CAC05u2,Canola oil,Alberta,Northern Alberta,u,t1,44019,300,0,0,14.65287356,3.621590909,9.962195295,14.21381579
CAC05u3,Canola oil,Alberta,Northern Alberta,u,t1,44019,300,0,0,14.65287356,3.621590909,9.962195295,14.21381579
CAC05u4,Canola oil,Alberta,Northern Alberta,u,t1,44019,261,0,0,14.65287356,3.621590909,9.962195295,14.21381579
CAC04e1,Canola oil,Alberta,Northern Alberta,e,t2,44042,300,0,0,16.35747126,0.711494253,8.769345238,15.01207011
CAC04e2,Canola oil,Alberta,Northern Alberta,e,t2,44042,300,0,0,16.35747126,0.711494253,8.769345238,15.01207011
CAC04e3,Canola oil,Alberta,Northern Alberta,e,t2,44042,300,0,0,16.35747126,0.711494253,8.769345238,15.01207011
CAC04e4,Canola oil,Alberta,Northern Alberta,e,t2,44042,300,0,0,16.35747126,0.711494253,8.769345238,15.01207011
CAC04u1,Canola oil,Alberta,Northern Alberta,u,t2,44042,289,0,0,16.35747126,0.711494253,8.769345238,15.01207011
CAC04u2,Canola oil,Alberta,Northern Alberta,u,t2,44042,300,1,0.333333333,16.35747126,0.711494253,8.769345238,15.01207011
CAC04u3,Canola oil,Alberta,Northern Alberta,u,t2,44042,300,0,0,16.35747126,0.711494253,8.769345238,15.01207011
CAC04u4,Canola oil,Alberta,Northern Alberta,u,t2,44042,300,0,0,16.35747126,0.711494253,8.769345238,15.01207011
CAC05e1,Canola oil,Alberta,Northern Alberta,e,t2,44043,297,0,0,16.67586207,0.711494253,8.641865079,14.81489749
CAC05e2,Canola oil,Alberta,Northern Alberta,e,t2,44043,272,0,0,16.67586207,0.711494253,8.641865079,14.81489749
CAC05e3,Canola oil,Alberta,Northern Alberta,e,t2,44043,300,0,0,16.67586207,0.711494253,8.641865079,14.81489749
CAC05e4,Canola oil,Alberta,Northern Alberta,e,t2,44043,300,0,0,16.67586207,0.711494253,8.641865079,14.81489749
CAC05u1,Canola oil,Alberta,Northern Alberta,u,t2,44043,300,0,0,16.67586207,0.711494253,8.641865079,14.81489749
CAC05u2,Canola oil,Alberta,Northern Alberta,u,t2,44043,300,0,0,16.67586207,0.711494253,8.641865079,14.81489749
CAC05u3,Canola oil,Alberta,Northern Alberta,u,t2,44043,300,0,0,16.67586207,0.711494253,8.641865079,14.81489749
CAC05u4,Canola oil,Alberta,Northern Alberta,u,t2,44043,300,1,0.333333333,16.67586207,0.711494253,8.641865079,14.81489749
CAC04e1,Canola oil,Alberta,Northern Alberta,e,t3,44063,291,1,0.343642612,15.70795455,1.3875,9.215950964,16.34287684
CAC04e2,Canola oil,Alberta,Northern Alberta,e,t3,44063,300,0,0,15.70795455,1.3875,9.215950964,16.34287684
CAC04e3,Canola oil,Alberta,Northern Alberta,e,t3,44063,300,0,0,15.70795455,1.3875,9.215950964,16.34287684
CAC04e4,Canola oil,Alberta,Northern Alberta,e,t3,44063,300,0,0,15.70795455,1.3875,9.215950964,16.34287684
CAC04u1,Canola oil,Alberta,Northern Alberta,u,t3,44062,300,1,0.333333333,15.91931818,1.328409091,9.161387472,16.37855392
CAC04u2,Canola oil,Alberta,Northern Alberta,u,t3,44062,300,0,0,15.91931818,1.328409091,9.161387472,16.37855392
CAC04u3,Canola oil,Alberta,Northern Alberta,u,t3,44062,300,1,0.333333333,15.91931818,1.328409091,9.161387472,16.37855392
CAC04u4,Canola oil,Alberta,Northern Alberta,u,t3,44062,N/A,N/A,N/A,15.91931818,1.328409091,9.161387472,16.37855392
CAC05e1,Canola oil,Alberta,Northern Alberta,e,t3,44062,300,1,0.333333333,15.91931818,1.328409091,9.161387472,16.37855392
CAC05e2,Canola oil,Alberta,Northern Alberta,e,t3,44062,300,2,0.666666667,15.91931818,1.328409091,9.161387472,16.37855392
CAC05e3,Canola oil,Alberta,Northern Alberta,e,t3,44062,300,2,0.666666667,15.91931818,1.328409091,9.161387472,16.37855392
CAC05e4,Canola oil,Alberta,Northern Alberta,e,t3,44062,300,0,0,15.91931818,1.328409091,9.161387472,16.37855392
CAC05u1,Canola oil,Alberta,Northern Alberta,u,t3,44062,300,0,0,15.91931818,1.328409091,9.161387472,16.37855392
CAC05u2,Canola oil,Alberta,Northern Alberta,u,t3,44062,300,0,0,15.91931818,1.328409091,9.161387472,16.37855392
CAC05u3,Canola oil,Alberta,Northern Alberta,u,t3,44062,300,1,0.333333333,15.91931818,1.328409091,9.161387472,16.37855392
CAC05u4,Canola oil,Alberta,Northern Alberta,u,t3,44062,300,2,0.666666667,15.91931818,1.328409091,9.161387472,16.37855392
